cell,dataset,group,n_cycles,rated_Ah,initial_Ah,family,initial_over_rated,final_Ah,min_Ah,n_outliers_causal,n_regeneration,regen_per_100_cycles,threshold_rated_Ah,eol_rated,eol_rated_first_dip,threshold_initial_Ah,eol_initial,eol_initial_first_dip,reaches_eol,fade_rate_mAh_per_cycle
B0005,NASA,nasa_core,168,2.0,1.8352,NASA,0.9176,1.3251,1.2875,0,7,4.167,1.6,74,74,1.4682,107,107,True,3.1909
B0006,NASA,nasa_core,168,2.0,2.0191,NASA,1.0095,1.1857,1.1538,3,11,6.548,1.6,63,63,1.6152,62,62,True,6.709
B0007,NASA,nasa_core,168,2.0,1.8806,NASA,0.9403,1.4325,1.4005,6,7,4.167,1.6,94,86,1.5045,125,125,True,3.0024
B0018,NASA,nasa_core,132,2.0,1.8388,NASA,0.9194,1.3411,1.3411,0,9,6.818,1.6,60,60,1.471,78,78,True,4.1919
CX2_16,CALCE,calce_cc,2007,1.35,1.2691,CX2,0.9401,0.8281,0.5837,109,167,8.321,1.08,1000,1000,1.0153,1117,1117,True,0.1925
CX2_3,CALCE,calce_varied,1535,1.35,1.3927,CX2,1.0316,0.3345,0.3345,52,47,3.062,1.08,916,896,1.1141,807,807,True,0.3429
CX2_33,CALCE,calce_cc,1688,1.35,1.2933,CX2,0.958,0.56,0.5587,107,69,4.088,1.08,621,621,1.0346,823,823,True,0.3435
CX2_34,CALCE,calce_cc,1727,1.35,1.3519,CX2,1.0014,0.6245,0.5749,109,43,2.49,1.08,661,661,1.0815,659,659,True,0.4127
CX2_35,CALCE,calce_cc,1804,1.35,1.3636,CX2,1.0101,0.5556,0.5556,148,45,2.494,1.08,836,836,1.0909,790,790,True,0.3406
CX2_36,CALCE,calce_cc,1961,1.35,1.3581,CX2,1.006,0.5414,0.5414,146,80,4.08,1.08,687,656,1.0865,653,649,True,0.4076
CX2_37,CALCE,calce_cc,1274,1.35,1.3635,CX2,1.01,0.8219,0.8195,88,16,1.256,1.08,760,760,1.0908,687,687,True,0.3754
CX2_38,CALCE,calce_cc,1951,1.35,1.3614,CX2,1.0084,0.3377,0.1914,138,56,2.87,1.08,741,683,1.0891,663,663,True,0.3881
CX2_8,CALCE,calce_varied,2057,1.35,1.2727,CX2,0.9427,0.7313,0.5851,174,242,11.765,1.08,36,36,1.0182,118,99,True,5.3949
