cell,n_read,n_nan,n_below_min,n_above_max,valid_range_Ah,raw_min_Ah,raw_max_Ah,n_kept
B0005,168,0,0,0,"[0.1, 2.5]",1.2874525221379407,1.8564874208181574,168
B0006,168,0,0,0,"[0.1, 2.5]",1.15381833159625,2.035337591005598,168
B0007,168,0,0,0,"[0.1, 2.5]",1.4004552399066514,1.89105229539079,168
B0018,132,0,0,0,"[0.1, 2.5]",1.341051440640485,1.8550045207910817,132
CX2_16,2008,0,0,1,"[0.0675, 1.6875]",0.09001399202942206,12.497349048813156,2007
CX2_3,3377,0,1842,0,"[0.0675, 1.6875]",0.020004353790629814,1.419367989044424,1535
CX2_32,3330,0,3321,0,"[0.0675, 1.6875]",0.02204170867410049,1.357700357743772,9
CX2_33,1688,0,0,0,"[0.0675, 1.6875]",0.1405673149447253,1.2960057432680738,1688
CX2_34,1727,0,0,0,"[0.0675, 1.6875]",0.4613895235290144,1.354935345396917,1727
CX2_35,1805,0,1,0,"[0.0675, 1.6875]",0.06189920273456373,1.365960115596659,1804
CX2_36,1961,0,0,0,"[0.0675, 1.6875]",0.12396076042631776,1.3617049636634477,1961
CX2_37,1274,0,0,0,"[0.0675, 1.6875]",0.6144646396494267,1.36633533307605,1274
CX2_38,1951,0,0,0,"[0.0675, 1.6875]",0.19141566424911982,1.3627463800426396,1951
CX2_8,2057,0,0,0,"[0.0675, 1.6875]",0.30387273870964293,1.386193077766692,2057
