dataset,test_cell,threshold_Ah,test_min_before_eol_Ah,train_target_min_full_Ah,train_target_min_restricted_Ah,windows_full,windows_restricted,below_range_full,below_range_restricted
CALCE,CX2_16,1.08,1.075700204752911,0.19141566424911982,1.147511868753508,10027,2550,False,True
CALCE,CX2_33,1.08,1.0771578542160114,0.19141566424911982,1.147511868753508,10346,2868,False,True
CALCE,CX2_34,1.08,1.052012672105878,0.19141566424911982,1.147511868753508,10307,2813,False,True
CALCE,CX2_35,1.08,1.0764346130428457,0.19141566424911982,1.1475955132044326,10230,2697,False,True
CALCE,CX2_36,1.08,1.0715176808898086,0.19141566424911982,1.147511868753508,10073,2947,False,True
CALCE,CX2_37,1.08,1.0645826077803822,0.19141566424911982,1.147511868753508,10760,2777,False,True
CALCE,CX2_38,1.08,1.0697587891958378,0.5414213211554184,1.147511868753508,10083,2836,False,True
NASA,B0005,1.6,1.6015142233917594,1.15381833159625,1.7024077813673466,399,77,False,True
NASA,B0006,1.6,1.5989712144027983,1.2874525221379407,1.7003110272642588,399,83,False,True
NASA,B0007,1.6,1.5906507821480704,1.15381833159625,1.7003110272642588,399,71,False,True
NASA,B0018,1.6,1.5866011820698824,1.15381833159625,1.7003110272642588,435,108,False,True
