dataset,L,H,min_windows_per_cell,total_windows,origin_coverage,is_default
CALCE,16,8,1251,12251,1.0,False
CALCE,16,16,1243,12195,1.0,False
CALCE,16,32,1227,12083,1.0,False
CALCE,32,8,1235,12139,1.0,False
CALCE,32,16,1227,12083,1.0,False
CALCE,32,32,1211,11971,1.0,False
CALCE,48,8,1219,12027,1.0,False
CALCE,48,16,1211,11971,1.0,True
CALCE,48,32,1195,11859,1.0,False
CALCE,64,8,1203,11915,1.0,False
CALCE,64,16,1195,11859,1.0,False
CALCE,64,32,1179,11747,1.0,False
CALCE,96,8,1171,11691,1.0,False
CALCE,96,16,1163,11635,1.0,False
CALCE,96,32,1147,11523,1.0,False
NASA,8,4,121,592,1.0,False
NASA,8,8,117,576,1.0,False
NASA,8,12,113,560,1.0,False
NASA,12,4,117,576,1.0,False
NASA,12,8,113,560,1.0,False
NASA,12,12,109,544,1.0,False
NASA,16,4,113,560,0.9166666666666666,False
NASA,16,8,109,544,0.9166666666666666,True
NASA,16,12,105,528,0.9166666666666666,False
NASA,24,4,105,528,0.75,False
NASA,24,8,101,512,0.75,False
NASA,24,12,97,496,0.75,False
