fold,dataset,seed,"cos(DLinear, Linear)","cos(DLinear, NLinear)","cos(NLinear, Linear)",rowsum DLinear,rowsum NLinear,rowsum Linear
CALCE:CX2_16,CALCE,0,0.8825867849780947,0.9482849330831203,0.9602496191542799,1.0123112704819899,1.0,1.0219254948797243
CALCE:CX2_16,CALCE,1,0.5067011934811828,0.9913837418222025,0.5046159964190418,1.0108575658727577,1.0,1.021716033953453
CALCE:CX2_16,CALCE,2,0.8568170458127469,0.944184511568758,0.9464881312928339,1.0075674823324685,1.0,1.0137031605927405
CALCE:CX2_16,CALCE,3,0.8505934500175795,0.9900454003728206,0.8632073450573494,1.0259562681994967,1.0,1.021534792957027
CALCE:CX2_16,CALCE,4,0.8124648814097659,0.9927229166809775,0.8049768574840696,1.00935696672817,1.0,1.0177371993049746
CALCE:CX2_33,CALCE,0,0.7374691176716739,0.992473574070311,0.7467326620754393,1.0174298203686098,1.0,1.0165685326428502
CALCE:CX2_33,CALCE,1,0.8831111217515486,0.9850160564462312,0.9324788167074192,1.0150187017450354,1.0,1.0134877404425424
CALCE:CX2_33,CALCE,2,0.5094168857444706,0.9803085691875197,0.5315523072395397,1.0218523424622816,1.0,1.0115150022993475
CALCE:CX2_33,CALCE,3,0.876833960634347,0.988991094825282,0.9051314841812123,1.019948839881677,1.0,1.016072058955615
CALCE:CX2_33,CALCE,4,0.8689538161123235,0.9924102229736964,0.8816061175097029,1.016888779538238,1.0,1.0149748323055974
CALCE:CX2_34,CALCE,0,0.8513358073799644,0.9878581784392352,0.889363661528681,1.0180245081394075,1.0,1.0222806460024003
CALCE:CX2_34,CALCE,1,0.8290301392961557,0.9897578012722366,0.8475476154507998,1.0111491976063673,1.0,1.0209675812056958
CALCE:CX2_34,CALCE,2,0.7978488135885594,0.9863455479760115,0.8072426072853046,1.0141768091480587,1.0,1.0149379591193792
CALCE:CX2_34,CALCE,3,0.7959905991962474,0.9858217017317891,0.8437715611287868,1.0239303744101829,1.0,1.0196110330714419
CALCE:CX2_34,CALCE,4,0.9058127668992751,0.9933110876938693,0.9093644308742761,1.0200722947547691,1.0,1.0188479199041467
CALCE:CX2_35,CALCE,0,0.631363465916796,0.9419705934520446,0.7809549800590249,1.0047721991182417,1.0,1.0170920660743832
CALCE:CX2_35,CALCE,1,0.6966315071762057,0.9825170911950051,0.7252941903703285,1.0023169406845147,1.0,1.0139344143308335
CALCE:CX2_35,CALCE,2,0.8655489008453265,0.9947072987643532,0.8722404519001418,1.0046934601995239,1.0,1.0088260842376258
CALCE:CX2_35,CALCE,3,0.8661117292236272,0.9655163293795306,0.8897284941462676,1.008565479939692,1.0,1.0141097123150757
CALCE:CX2_35,CALCE,4,0.9505693867869623,0.9715689464348634,0.9548549168449603,1.002037153119046,1.0,1.0172391541664183
CALCE:CX2_36,CALCE,0,0.8729163982641578,0.9761898369895488,0.9346587162007259,1.0233213596663793,1.0,1.027602035956079
CALCE:CX2_36,CALCE,1,0.8097558259575757,0.9627589748692527,0.9030442385527296,1.006340191057368,1.0,1.0191540921485966
CALCE:CX2_36,CALCE,2,0.7871472792957726,0.9892991894654853,0.8008923106644299,1.0216704170750766,1.0,1.0220103442043182
CALCE:CX2_36,CALCE,3,0.7706863248781487,0.9867594859521376,0.8265473698830773,1.015356135018453,1.0,1.0204531198642144
CALCE:CX2_36,CALCE,4,0.8531601399006405,0.9911918667154068,0.875221593850034,1.021285998095786,1.0,1.0177981550341428
CALCE:CX2_37,CALCE,0,0.7750198396778322,0.9944178859345276,0.7763725740340199,1.0215055752731512,1.0,1.01847128560712
CALCE:CX2_37,CALCE,1,0.7644922523699391,0.9935508412212994,0.7706423280345444,1.0096893749766966,1.0,1.0149772966042292
CALCE:CX2_37,CALCE,2,0.7338488566778406,0.9943686521710507,0.7562988133508862,1.0155021237345367,1.0,1.0181092632556101
CALCE:CX2_37,CALCE,3,0.8404499168027127,0.9936598038153615,0.8532978104322617,1.0238903298047368,1.0,1.0209226793804191
CALCE:CX2_37,CALCE,4,0.8843752039106972,0.9885187520263115,0.9143574690389008,1.0114447858567552,1.0,1.017824279872002
CALCE:CX2_38,CALCE,0,0.8582358299252711,0.9916920413823092,0.8856991625059525,1.0230225463309632,1.0,1.0225996530607517
CALCE:CX2_38,CALCE,1,0.900270393788517,0.9743531041086994,0.9594192271780275,1.0087434855848407,1.0,1.0101809587131356
CALCE:CX2_38,CALCE,2,0.8919543205034814,0.9647710988046627,0.949389104862531,1.0153388494763944,1.0,1.024434581512196
CALCE:CX2_38,CALCE,3,0.7349183308148806,0.955251058219947,0.8566187860278414,1.006646696007651,1.0,1.0154621017668433
CALCE:CX2_38,CALCE,4,0.8296182784770585,0.9619573007131195,0.9249107573343216,1.0177560031644948,1.0,1.0193931681878894
NASA:B0005,NASA,0,0.6339546529442689,0.8824978632687429,0.8655257490312925,0.9742926342176882,1.0,0.9760316136525944
NASA:B0005,NASA,1,0.5529235573194944,0.8204022572017585,0.8558121837706794,0.9744327315341768,1.0,0.9755822913139127
NASA:B0005,NASA,2,0.5003565681000596,0.8090706053106408,0.7943387682348692,0.9751698617761366,1.0,0.9735859733245888
NASA:B0005,NASA,3,0.6118481463979,0.87415040804036,0.8460608626430339,0.9775270900057853,1.0,0.9697967372994754
NASA:B0005,NASA,4,0.7011881156161177,0.8471488900404539,0.8996169788539105,0.9702374147979282,1.0,0.9803246507763106
NASA:B0006,NASA,0,0.34900055315816597,0.8127693978335109,0.4605046671230302,1.003508763522995,1.0,0.9985116623865906
NASA:B0006,NASA,1,0.5761941919048251,0.6994824647795407,0.6682206371477742,0.9908431963587179,1.0,1.0013388028310146
NASA:B0006,NASA,2,0.3121124761184035,0.8074259124193779,0.6425361800653272,0.9921494117460828,1.0,1.0016570649240748
NASA:B0006,NASA,3,0.7284974676101149,0.7700184684841227,0.6537416093516933,0.9854594147488853,1.0,1.008239011571277
NASA:B0006,NASA,4,0.7798737099193115,0.666712061971267,0.5400930466539932,1.000670135236522,1.0,1.0000669601140544
NASA:B0007,NASA,0,0.6222146389086872,0.8577530802458234,0.8711385131302641,0.9715704895198808,1.0,0.9714293179567903
NASA:B0007,NASA,1,0.6186427758503682,0.8003771922145134,0.8981035278497385,0.9723389008465,1.0,0.967985859620967
NASA:B0007,NASA,2,0.3110544618200168,0.8037119921902931,0.6736113168208074,0.9737147367321529,1.0,0.9674832930177217
NASA:B0007,NASA,3,0.6080861698341959,0.8497205606967282,0.8606618393753354,0.9741954241412953,1.0,0.9718463821336627
NASA:B0007,NASA,4,0.7059497213542103,0.8537310652323088,0.8968809218642466,0.9762241205694884,1.0,0.9659768007986713
NASA:B0018,NASA,0,0.6221290888656159,0.8473431073647741,0.8699708673390993,0.9901353219816464,1.0,0.9860891423159046
NASA:B0018,NASA,1,0.6340975463070679,0.8510338355866484,0.878261541082517,0.9866712609546668,1.0,0.987435524497414
NASA:B0018,NASA,2,0.5955971852698327,0.8183110519944115,0.8067290534643491,0.9881615979200806,1.0,0.9865745318311383
NASA:B0018,NASA,3,0.5488738755927439,0.7933602612058921,0.861940368635785,0.9867608204547145,1.0,0.9918614515045192
NASA:B0018,NASA,4,0.6519510499423825,0.9602807615762539,0.7567631974715958,0.9886478278408725,1.0,0.9865940256713657
