dataset,model,n_units,median_rel_err,mean_rel_err,median_abs_err_cycles,mean_signed_err_cycles,alpha_lambda_acc,censor_rate,median_block_rmse_Ah,median_traj_rmse_Ah
CALCE,NLinear,21,0.18162162162162163,0.1903938644352309,49.8,-53.08571428571428,0.6,0.0,0.008865010747915524,0.01507115482818577
CALCE,DLinear,21,0.2068345323741007,0.28786046358151374,77.2,57.65714285714286,0.5238095238095238,0.0,0.00854272615160635,0.015895393219618092
CALCE,Linear,21,0.2592982456140351,0.31002413454871963,79.0,91.39047619047619,0.3619047619047619,0.0,0.009617101199560177,0.021819196946736348
CALCE,LinearTrend,21,0.6205787781350482,1.6164753873105497,311.0,333.95238095238096,0.09523809523809523,0.2857142857142857,0.010984670045493498,0.05680045437259424
CALCE,Persistence,21,3.0431266846361185,3.8595078188175025,1120.0,1085.8095238095239,0.0,1.0,0.009942443795265059,0.0607466144678633
NASA,DLinear,11,0.2916666666666667,0.5778355292871422,11.8,5.018181818181818,0.29090909090909095,0.0,0.03603639063436616,0.049743057334616744
NASA,Linear,11,0.3,0.7416755747092054,12.0,10.236363636363636,0.23636363636363636,0.018181818181818184,0.03994294601364555,0.05360136785935134
NASA,NLinear,11,0.372972972972973,0.5630346183297452,13.8,9.600000000000001,0.34545454545454546,0.0,0.028149833801151564,0.042782642972864764
NASA,LinearTrend,11,0.4583333333333333,0.8472667674537956,18.0,15.545454545454545,0.09090909090909091,0.18181818181818182,0.037246163300198275,0.0590672956781216
NASA,Persistence,11,2.810810810810811,3.15714892095297,94.0,84.54545454545455,0.0,0.9090909090909091,0.03140794593295474,0.09156048837971005
