model,dataset,cell,frac,rel_abs_rul_error,abs_rul_error,rul_error,alpha_lambda_hit,censored,block_rmse,traj_rmse,true_rul,t0,n_seeds
DLinear,CALCE,CX2_16,0.25,0.3546666666666667,266.0,-266.0,0.2,0.0,0.0029049434582082744,0.04894700986299934,750,250,5
DLinear,CALCE,CX2_16,0.5,0.2548,127.4,-127.4,0.2,0.0,0.00854272615160635,0.04136801035212031,500,500,5
DLinear,CALCE,CX2_16,0.75,0.08880000000000002,22.2,17.4,0.8,0.0,0.010289801859951887,0.014073548814810682,250,750,5
DLinear,CALCE,CX2_33,0.25,0.7141630901287555,332.8,332.8,0.0,0.0,0.00698108913879973,0.04675864868077996,466,155,5
DLinear,CALCE,CX2_33,0.5,0.6006430868167203,186.8,186.8,0.0,0.0,0.008137727499741648,0.030588702754305815,311,310,5
DLinear,CALCE,CX2_33,0.75,0.49806451612903224,77.2,77.2,0.0,0.0,0.0049242927363526276,0.013834046508670515,155,466,5
DLinear,CALCE,CX2_34,0.25,0.7641129032258064,379.0,379.0,0.0,0.0,0.008106881745295193,0.0516748578127747,496,165,5
DLinear,CALCE,CX2_34,0.5,0.6114803625377643,202.4,202.4,0.0,0.0,0.014700631261729897,0.030937592598280605,331,330,5
DLinear,CALCE,CX2_34,0.75,0.45939393939393935,75.8,75.8,0.0,0.0,0.010714799031237069,0.014837320037358543,165,496,5
DLinear,CALCE,CX2_35,0.25,0.12503987240829345,78.4,-41.6,1.0,0.0,0.008459168866399702,0.020557540491741418,627,209,5
DLinear,CALCE,CX2_35,0.5,0.07655502392344497,32.0,-5.2,1.0,0.0,0.00593039719988962,0.011407472884339798,418,418,5
DLinear,CALCE,CX2_35,0.75,0.06220095693779905,13.0,7.8,1.0,0.0,0.003669534952883974,0.007851114349567888,209,627,5
DLinear,CALCE,CX2_36,0.25,0.26524271844660197,136.6,136.6,0.4,0.0,0.01587144571561656,0.035549602554833006,515,172,5
DLinear,CALCE,CX2_36,0.5,0.07288629737609328,25.0,-25.0,1.0,0.0,0.018984843657332003,0.014910124881562358,343,344,5
DLinear,CALCE,CX2_36,0.75,0.20116279069767443,34.6,34.6,0.4,0.0,0.005937380349676145,0.015895393219618092,172,515,5
DLinear,CALCE,CX2_37,0.25,0.2336842105263158,133.2,133.2,0.8,0.0,0.011228639556962737,0.029592935350133815,570,190,5
DLinear,CALCE,CX2_37,0.5,0.10473684210526316,39.8,-17.8,1.0,0.0,0.008628571161642352,0.012605474619244026,380,380,5
DLinear,CALCE,CX2_37,0.75,0.11473684210526316,21.8,21.8,0.8,0.0,0.01715181046540081,0.014630031844808985,190,570,5
DLinear,CALCE,CX2_38,0.25,0.2068345323741007,115.0,104.2,0.6,0.0,0.008256317673653684,0.025671923113549273,556,185,5
DLinear,CALCE,CX2_38,0.5,0.1299191374663073,48.2,-7.4,0.8,0.0,0.011644775900329649,0.013717727487657701,371,370,5
DLinear,CALCE,CX2_38,0.75,0.10594594594594595,19.6,-8.4,1.0,0.0,0.011218128116047532,0.01068150389272345,185,556,5
DLinear,NASA,B0005,0.25,0.21071428571428572,11.8,-11.8,0.6,0.0,0.056465701642983146,0.08397552800417526,56,18,5
DLinear,NASA,B0005,0.5,0.14054054054054055,5.2,5.2,1.0,0.0,0.005487455508471462,0.01994344866244451,37,37,5
DLinear,NASA,B0005,0.75,0.5777777777777778,10.4,10.4,0.0,0.0,0.014486593305664939,0.0260501486764806,18,56,5
DLinear,NASA,B0006,0.25,0.8170212765957446,38.4,38.4,0.0,0.0,0.05791028973594568,0.07037461628098977,47,16,5
DLinear,NASA,B0006,0.5,1.4709677419354839,45.6,45.6,0.0,0.0,0.05843660052658774,0.09721490446935699,31,32,5
DLinear,NASA,B0006,0.75,1.275,20.4,20.4,0.0,0.0,0.05351340720170315,0.052066068829105874,16,47,5
DLinear,NASA,B0007,0.25,0.24285714285714283,17.0,-17.0,0.0,0.0,0.03603639063436616,0.049743057334616744,70,24,5
DLinear,NASA,B0007,0.5,0.1829787234042553,8.6,-8.6,1.0,0.0,0.030887123748600927,0.02541479051398395,47,47,5
DLinear,NASA,B0007,0.75,0.2916666666666667,7.0,-7.0,0.0,0.0,0.005665527942716942,0.026688786289692124,24,70,5
DLinear,NASA,B0018,0.5,0.21333333333333332,6.4,-6.4,0.6,0.0,0.026618370208945412,0.04485895476050886,30,30,5
DLinear,NASA,B0018,0.75,0.9333333333333333,14.0,-14.0,0.0,0.0,0.09659821909705933,0.08396747585117406,15,45,5
Linear,CALCE,CX2_16,0.25,0.2392,179.4,-179.4,0.2,0.0,0.0028480384974661982,0.03891158559135456,750,250,5
Linear,CALCE,CX2_16,0.5,0.15560000000000002,77.8,-77.8,0.8,0.0,0.008449742175632746,0.030874672918136788,500,500,5
Linear,CALCE,CX2_16,0.75,0.1752,43.8,43.8,0.8,0.0,0.009617101199560177,0.012793769433848749,250,750,5
Linear,CALCE,CX2_33,0.25,0.5304721030042918,247.2,247.2,0.0,0.0,0.006916233093715881,0.038026268776769394,466,155,5
Linear,CALCE,CX2_33,0.5,0.4553054662379421,141.6,141.6,0.0,0.0,0.010478217697516905,0.025121912820343158,311,310,5
Linear,CALCE,CX2_33,0.75,0.4090322580645161,63.4,63.4,0.0,0.0,0.004487531531625058,0.012132973337551744,155,466,5
Linear,CALCE,CX2_34,0.25,0.7762096774193548,385.0,385.0,0.0,0.0,0.008112827006425733,0.05437676923269574,496,165,5
Linear,CALCE,CX2_34,0.5,0.661631419939577,219.0,219.0,0.0,0.0,0.015054017300677184,0.033623114800309564,331,330,5
Linear,CALCE,CX2_34,0.75,0.4787878787878788,79.0,79.0,0.0,0.0,0.01041124078020249,0.015058356001569975,165,496,5
Linear,CALCE,CX2_35,0.25,0.27432216905901113,172.0,172.0,0.2,0.0,0.009651256551040988,0.029355086839359123,627,209,5
Linear,CALCE,CX2_35,0.5,0.2574162679425837,107.6,107.6,0.2,0.0,0.005764920199248095,0.021819196946736348,418,418,5
Linear,CALCE,CX2_35,0.75,0.2401913875598086,50.2,50.2,0.2,0.0,0.005262989129597127,0.013793822408806939,209,627,5
Linear,CALCE,CX2_36,0.25,0.5759223300970874,296.6,296.6,0.0,0.0,0.01675953145553529,0.05157601651189793,515,172,5
Linear,CALCE,CX2_36,0.5,0.06822157434402333,23.4,13.8,1.0,0.0,0.01907210802840358,0.013584016262972839,343,344,5
Linear,CALCE,CX2_36,0.75,0.3430232558139535,59.0,59.0,0.0,0.0,0.0058077698776339125,0.01855339716713178,172,515,5
Linear,CALCE,CX2_37,0.25,0.2592982456140351,147.8,147.8,0.2,0.0,0.01101265076202565,0.03273227905906693,570,190,5
Linear,CALCE,CX2_37,0.5,0.03368421052631579,12.8,-4.0,1.0,0.0,0.008901450200505706,0.009974027658071462,380,380,5
Linear,CALCE,CX2_37,0.75,0.15894736842105264,30.2,30.2,0.6,0.0,0.017529861510816418,0.015267473551122998,190,570,5
Linear,CALCE,CX2_38,0.25,0.2723021582733813,151.4,139.0,0.4,0.0,0.008223839869693429,0.03228177720856325,556,185,5
Linear,CALCE,CX2_38,0.5,0.07654986522911052,28.4,-2.8,1.0,0.0,0.011973403994206024,0.01286110573620334,371,370,5
Linear,CALCE,CX2_38,0.75,0.06918918918918919,12.8,-12.0,1.0,0.0,0.01061142921195662,0.010411459857872885,185,556,5
Linear,NASA,B0005,0.25,0.21785714285714283,12.2,-12.2,0.2,0.0,0.05694058669574185,0.0857947737771711,56,18,5
Linear,NASA,B0005,0.5,0.15675675675675677,5.8,5.8,1.0,0.0,0.006226710883181573,0.01955359012981404,37,37,5
Linear,NASA,B0005,0.75,0.611111111111111,11.0,11.0,0.0,0.0,0.017702476397495094,0.028050932335084322,18,56,5
Linear,NASA,B0006,0.25,1.348936170212766,63.4,63.4,0.0,0.2,0.05577792411881723,0.09646949602706115,47,16,5
Linear,NASA,B0006,0.5,2.096774193548387,65.0,65.0,0.0,0.0,0.07011864383741875,0.11414972895783031,31,32,5
Linear,NASA,B0006,0.75,1.975,31.6,31.6,0.0,0.0,0.05488491689943135,0.06153273271754047,16,47,5
Linear,NASA,B0007,0.25,0.25142857142857145,17.6,-17.6,0.0,0.0,0.03994294601364555,0.05360136785935134,70,24,5
Linear,NASA,B0007,0.5,0.18723404255319148,8.8,-8.8,0.8,0.0,0.03102299133436747,0.02559801091347283,47,47,5
Linear,NASA,B0007,0.75,0.3,7.2,-7.2,0.0,0.0,0.0056046221881740355,0.026930552224001723,24,70,5
Linear,NASA,B0018,0.5,0.21333333333333332,6.4,-6.4,0.6,0.0,0.02788297209545897,0.04414047634856972,30,30,5
Linear,NASA,B0018,0.75,0.8,12.0,-12.0,0.0,0.0,0.0924403235776468,0.08129610276486181,15,45,5
LinearTrend,CALCE,CX2_16,0.25,0.544,408.0,-408.0,0.0,0.0,0.007792492571212748,0.11487051022292542,750,250,1
LinearTrend,CALCE,CX2_16,0.5,1.508,754.0,754.0,0.0,1.0,0.00913690941163843,0.24777274797986076,500,500,1
LinearTrend,CALCE,CX2_16,0.75,0.924,231.0,231.0,0.0,0.0,0.011690247912673587,0.02103972791262182,250,750,1
LinearTrend,CALCE,CX2_33,0.25,0.5364806866952789,250.0,-250.0,0.0,0.0,0.006370157206002156,0.118748439884575,466,155,1
LinearTrend,CALCE,CX2_33,0.5,0.6205787781350482,193.0,193.0,0.0,0.0,0.007570622531535434,0.02683533081100346,311,310,1
LinearTrend,CALCE,CX2_33,0.75,0.08387096774193549,13.0,-13.0,1.0,0.0,0.007943837139381543,0.007839664587752444,155,466,1
LinearTrend,CALCE,CX2_34,0.25,2.024193548387097,1004.0,1004.0,0.0,1.0,0.013347655642401052,0.14819150540964135,496,165,1
LinearTrend,CALCE,CX2_34,0.5,3.5317220543806647,1169.0,1169.0,0.0,1.0,0.024877257628501508,0.24339177514264856,331,330,1
LinearTrend,CALCE,CX2_34,0.75,0.17575757575757575,29.0,-29.0,1.0,0.0,0.01829526812768595,0.02088333448880181,165,496,1
LinearTrend,CALCE,CX2_35,0.25,0.4784688995215311,300.0,-300.0,0.0,0.0,0.006749800821697945,0.10396285805546684,627,209,1
LinearTrend,CALCE,CX2_35,0.5,0.41866028708133973,175.0,-175.0,0.0,0.0,0.0076888311305197765,0.05680045437259424,418,418,1
LinearTrend,CALCE,CX2_35,0.75,4.650717703349282,972.0,972.0,0.0,0.0,0.005534827212440713,0.03672580640553164,209,627,1
LinearTrend,CALCE,CX2_36,0.25,1.3184466019417476,679.0,679.0,0.0,0.0,0.013681426381730371,0.054025705050399934,515,172,1
LinearTrend,CALCE,CX2_36,0.5,0.45481049562682213,156.0,-156.0,0.0,0.0,0.01845767808481289,0.0495721553683618,343,344,1
LinearTrend,CALCE,CX2_36,0.75,7.72093023255814,1328.0,1328.0,0.0,1.0,0.007384554450452969,0.038781117150553414,172,515,1
LinearTrend,CALCE,CX2_37,0.25,0.5456140350877193,311.0,-311.0,0.0,0.0,0.016499430641310552,0.10878734849145513,570,190,1
LinearTrend,CALCE,CX2_37,0.5,2.9473684210526314,1120.0,1120.0,0.0,1.0,0.010343427117481537,0.07359149726289582,380,380,1
LinearTrend,CALCE,CX2_37,0.75,1.7947368421052632,341.0,341.0,0.0,0.0,0.016448775700600844,0.028058856832292325,190,570,1
LinearTrend,CALCE,CX2_38,0.25,0.4028776978417266,224.0,-224.0,0.0,0.0,0.010984670045493498,0.0575447425608901,556,185,1
LinearTrend,CALCE,CX2_38,0.5,3.0431266846361185,1129.0,1129.0,0.0,1.0,0.013544391228537414,0.06691263211747935,371,370,1
LinearTrend,CALCE,CX2_38,0.75,0.22162162162162163,41.0,-41.0,0.0,0.0,0.012844649216471256,0.011894082703814859,185,556,1
LinearTrend,NASA,B0005,0.25,0.3392857142857143,19.0,19.0,0.0,0.0,0.04199231083652453,0.03868336880605717,56,18,1
LinearTrend,NASA,B0005,0.5,1.1891891891891893,44.0,44.0,0.0,0.0,0.028377490144579562,0.0590672956781216,37,37,1
LinearTrend,NASA,B0005,0.75,1.1666666666666667,21.0,21.0,0.0,0.0,0.037246163300198275,0.05194407737733512,18,56,1
LinearTrend,NASA,B0006,0.25,0.3829787234042553,18.0,-18.0,0.0,0.0,0.08643337713049283,0.14895591463517163,47,16,1
LinearTrend,NASA,B0006,0.5,3.5483870967741935,110.0,110.0,0.0,1.0,0.06733032425487445,0.1365925933161851,31,32,1
LinearTrend,NASA,B0006,0.75,0.3125,5.0,-5.0,0.0,0.0,0.09303305158426173,0.07627996536562395,16,47,1
LinearTrend,NASA,B0007,0.25,0.5857142857142857,41.0,41.0,0.0,1.0,0.011073188613742891,0.17803620358833333,70,24,1
LinearTrend,NASA,B0007,0.5,0.1702127659574468,8.0,-8.0,1.0,0.0,0.027684515778975422,0.02475465702576677,47,47,1
LinearTrend,NASA,B0007,0.75,0.4583333333333333,11.0,-11.0,0.0,0.0,0.006884102751039678,0.04244446644250858,24,70,1
LinearTrend,NASA,B0018,0.5,0.3,9.0,-9.0,0.0,0.0,0.025193147173845562,0.05030507530752236,30,30,1
LinearTrend,NASA,B0018,0.75,0.8666666666666667,13.0,-13.0,0.0,0.0,0.09461596378790502,0.08626051778991142,15,45,1
NLinear,CALCE,CX2_16,0.25,0.5568,417.6,-417.6,0.0,0.0,0.003681979381456186,0.059178656764220516,750,250,5
NLinear,CALCE,CX2_16,0.5,0.45119999999999993,225.6,-225.6,0.0,0.0,0.008276163506593381,0.057738602442100995,500,500,5
NLinear,CALCE,CX2_16,0.75,0.1992,49.8,-49.8,0.4,0.0,0.010678053880047602,0.024260460804340852,250,750,5
NLinear,CALCE,CX2_33,0.25,0.08283261802575106,38.6,27.4,1.0,0.0,0.0048035484716020885,0.012788991063527325,466,155,5
NLinear,CALCE,CX2_33,0.5,0.1337620578778135,41.6,41.6,1.0,0.0,0.010555950780322967,0.01143921870141304,311,310,5
NLinear,CALCE,CX2_33,0.75,0.1935483870967742,30.0,30.0,0.4,0.0,0.0035349179382430673,0.0070288903242043356,155,466,5
NLinear,CALCE,CX2_34,0.25,0.09637096774193549,47.8,47.8,1.0,0.0,0.006511432902823702,0.016505353005154596,496,165,5
NLinear,CALCE,CX2_34,0.5,0.20483383685800605,67.8,67.8,0.4,0.0,0.014455969719133658,0.012755060578839642,331,330,5
NLinear,CALCE,CX2_34,0.75,0.2533333333333333,41.8,41.8,0.0,0.0,0.01259390429759002,0.0130193506935817,165,496,5
NLinear,CALCE,CX2_35,0.25,0.09824561403508772,61.6,-61.6,1.0,0.0,0.007480916034385504,0.020066501882305257,627,209,5
NLinear,CALCE,CX2_35,0.5,0.04114832535885167,17.2,-9.6,1.0,0.0,0.005580431045479133,0.0094238419471102,418,418,5
NLinear,CALCE,CX2_35,0.75,0.05454545454545454,11.4,11.4,1.0,0.0,0.0034872395894877638,0.007760828682616852,209,627,5
NLinear,CALCE,CX2_36,0.25,0.15650485436893205,80.6,-80.6,0.6,0.0,0.01328084933935648,0.019880643013309628,515,172,5
NLinear,CALCE,CX2_36,0.5,0.27055393586005827,92.8,-92.8,0.2,0.0,0.01700763295959858,0.027789494514194622,343,344,5
NLinear,CALCE,CX2_36,0.75,0.059302325581395345,10.2,1.0,1.0,0.0,0.006432317292748489,0.01245882033942611,172,515,5
NLinear,CALCE,CX2_37,0.25,0.2168421052631579,123.6,-123.6,0.4,0.0,0.013572226146531053,0.021566680141290366,570,190,5
NLinear,CALCE,CX2_37,0.5,0.2805263157894737,106.6,-106.6,0.0,0.0,0.007230631717542707,0.02669267416005162,380,380,5
NLinear,CALCE,CX2_37,0.75,0.10631578947368421,20.2,-20.2,1.0,0.0,0.015459329486903043,0.012423921174535724,190,570,5
NLinear,CALCE,CX2_38,0.25,0.15215827338129495,84.6,-84.6,1.0,0.0,0.008865010747915524,0.01507115482818577,556,185,5
NLinear,CALCE,CX2_38,0.5,0.20862533692722374,77.4,-77.4,0.4,0.0,0.010522325204667858,0.01803478327672303,371,370,5
NLinear,CALCE,CX2_38,0.75,0.18162162162162163,33.6,-33.6,0.8,0.0,0.01038503517864915,0.010743027386992784,185,556,5
NLinear,NASA,B0005,0.25,0.05714285714285714,3.2,-3.2,1.0,0.0,0.048350401244715804,0.0590525357322365,56,18,5
NLinear,NASA,B0005,0.5,0.372972972972973,13.8,13.8,0.0,0.0,0.008459055399562466,0.0249765572454378,37,37,5
NLinear,NASA,B0005,0.75,0.8222222222222222,14.8,14.8,0.0,0.0,0.020563668981374978,0.03511275836603058,18,56,5
NLinear,NASA,B0006,0.25,0.8340425531914895,39.2,39.2,0.0,0.0,0.05783500217798395,0.06501593320931325,47,16,5
NLinear,NASA,B0006,0.5,1.6451612903225807,51.0,51.0,0.0,0.0,0.0625211126483465,0.1053324758294277,31,32,5
NLinear,NASA,B0006,0.75,1.025,16.4,16.4,0.0,0.0,0.06334590092489731,0.05266211574143592,16,47,5
NLinear,NASA,B0007,0.25,0.07428571428571429,5.2,-1.6,1.0,0.0,0.02253761450438827,0.025505487460431336,70,24,5
NLinear,NASA,B0007,0.5,0.0425531914893617,2.0,-0.4,1.0,0.0,0.025665075091299238,0.023988129460095025,47,47,5
NLinear,NASA,B0007,0.75,0.23333333333333334,5.6,-5.6,0.0,0.0,0.00795709153694988,0.02408493504144007,24,70,5
NLinear,NASA,B0018,0.5,0.16666666666666669,5.0,-5.0,0.8,0.0,0.028149833801151564,0.042782642972864764,30,30,5
NLinear,NASA,B0018,0.75,0.9199999999999999,13.8,-13.8,0.0,0.0,0.09660363141498132,0.08476698463811133,15,45,5
Persistence,CALCE,CX2_16,0.25,0.672,504.0,504.0,0.0,1.0,0.0024480824793005757,0.05913116281299849,750,250,1
Persistence,CALCE,CX2_16,0.5,1.508,754.0,754.0,0.0,1.0,0.009174977591420984,0.05818320302620009,500,500,1
Persistence,CALCE,CX2_16,0.75,4.016,1004.0,1004.0,0.0,1.0,0.011081711450219623,0.043653695676941516,250,750,1
Persistence,CALCE,CX2_33,0.25,2.218884120171674,1034.0,1034.0,0.0,1.0,0.004353183643657774,0.08805522936560406,466,155,1
Persistence,CALCE,CX2_33,0.5,3.8231511254019295,1189.0,1189.0,0.0,1.0,0.006410947411487195,0.06995186533756093,311,310,1
Persistence,CALCE,CX2_33,0.75,8.67741935483871,1345.0,1345.0,0.0,1.0,0.006976662469318835,0.039001783687921204,155,466,1
Persistence,CALCE,CX2_34,0.25,2.024193548387097,1004.0,1004.0,0.0,1.0,0.013587310993523439,0.10219876419970718,496,165,1
Persistence,CALCE,CX2_34,0.5,3.5317220543806647,1169.0,1169.0,0.0,1.0,0.0058111590554091345,0.06985814969361243,331,330,1
Persistence,CALCE,CX2_34,0.75,8.090909090909092,1335.0,1335.0,0.0,1.0,0.008149322872628545,0.036729893019530994,165,496,1
Persistence,CALCE,CX2_35,0.25,1.3923444976076556,873.0,873.0,0.0,1.0,0.009062928231520948,0.1015411723474431,627,209,1
Persistence,CALCE,CX2_35,0.5,2.588516746411483,1082.0,1082.0,0.0,1.0,0.006170092559354787,0.07835277066309268,418,418,1
Persistence,CALCE,CX2_35,0.75,6.177033492822966,1291.0,1291.0,0.0,1.0,0.009942443795265059,0.048731551852390406,209,627,1
Persistence,CALCE,CX2_36,0.25,1.912621359223301,985.0,985.0,0.0,1.0,0.02023928679430301,0.09827449475616855,515,172,1
Persistence,CALCE,CX2_36,0.5,3.373177842565598,1157.0,1157.0,0.0,1.0,0.020604038544391506,0.05041378295159164,343,344,1
Persistence,CALCE,CX2_36,0.75,7.72093023255814,1328.0,1328.0,0.0,1.0,0.009125226716318446,0.04674295674280819,172,515,1
Persistence,CALCE,CX2_37,0.25,1.631578947368421,930.0,930.0,0.0,1.0,0.014053648797687534,0.09050988589840168,570,190,1
Persistence,CALCE,CX2_37,0.5,2.9473684210526314,1120.0,1120.0,0.0,1.0,0.016679815432410133,0.06166270010814652,380,380,1
Persistence,CALCE,CX2_37,0.75,6.894736842105263,1310.0,1310.0,0.0,1.0,0.02391403313597244,0.04421807555754534,190,570,1
Persistence,CALCE,CX2_38,0.25,1.6978417266187051,944.0,944.0,0.0,1.0,0.011297961559201966,0.08077762069750397,556,185,1
Persistence,CALCE,CX2_38,0.5,3.0431266846361185,1129.0,1129.0,0.0,1.0,0.019067332490758423,0.0607466144678633,371,370,1
Persistence,CALCE,CX2_38,0.75,7.108108108108108,1315.0,1315.0,0.0,1.0,0.015116936363434893,0.03265704064381649,185,556,1
Persistence,NASA,B0005,0.25,1.5178571428571428,85.0,85.0,0.0,1.0,0.028775612191016903,0.09156048837971005,56,18,1
Persistence,NASA,B0005,0.5,2.810810810810811,104.0,104.0,0.0,1.0,0.02251942534919466,0.09915887294972393,37,37,1
Persistence,NASA,B0005,0.75,6.833333333333333,123.0,123.0,0.0,1.0,0.03140794593295474,0.06901130381247847,18,56,1
Persistence,NASA,B0006,0.25,2.0,94.0,94.0,0.0,1.0,0.05191452332537264,0.14370801837287367,47,16,1
Persistence,NASA,B0006,0.5,3.5483870967741935,110.0,110.0,0.0,1.0,0.08370117150370879,0.16807652845364984,31,32,1
Persistence,NASA,B0006,0.75,7.8125,125.0,125.0,0.0,1.0,0.06543501843468655,0.06984046609255921,16,47,1
Persistence,NASA,B0007,0.25,0.5857142857142857,41.0,41.0,0.0,1.0,0.013672174175296807,0.16635173512493726,70,24,1
Persistence,NASA,B0007,0.5,1.3617021276595744,64.0,64.0,0.0,1.0,0.020899056654380965,0.11940158283751301,47,47,1
Persistence,NASA,B0007,0.75,3.625,87.0,87.0,0.0,1.0,0.02562508486898598,0.05389407243842558,24,70,1
Persistence,NASA,B0018,0.5,3.7,111.0,111.0,0.0,1.0,0.046551684653919775,0.06038136711836001,30,30,1
Persistence,NASA,B0018,0.75,0.9333333333333333,14.0,-14.0,0.0,0.0,0.08773502130071102,0.0685590717732536,15,45,1
