model,seed,dataset,cell,fold,frac,t0,true_eol,true_rul,pred_rul,pred_eol,censored,rul_error,abs_rul_error,rel_abs_rul_error,alpha_lambda_hit,block_rmse,traj_rmse,forecast_min_Ah,observed_min_to_eol_Ah,family,base_model,target_mode,arm,input_len,horizon,n_train_cells,reference,train_target_min_Ah,train_target_max_Ah
DLinear,0,CALCE,CX2_16,CALCE:CX2_16,0.25,279,1117,838,586,865,0,-252,252,0.30071599045346065,0,0.002056739638489145,0.07278286492413971,1.0108181854465272,1.0144820066695912,linear,DLinear,,initial_ref,48,16,6,initial,0.19141566424911982,1.3438997256049237
DLinear,0,CALCE,CX2_16,CALCE:CX2_16,0.5,558,1117,559,517,1075,0,-42,42,0.07513416815742398,1,0.007873604170967108,0.03155848173187838,0.9971196533447435,1.0144820066695912,linear,DLinear,,initial_ref,48,16,6,initial,0.19141566424911982,1.3438997256049237
DLinear,0,CALCE,CX2_16,CALCE:CX2_16,0.75,838,1117,279,338,1176,0,59,59,0.2114695340501792,0,0.011918590951424163,0.013739013019696107,1.0392168498482641,1.0144820066695912,linear,DLinear,,initial_ref,48,16,6,initial,0.19141566424911982,1.3438997256049237
DLinear,1,CALCE,CX2_16,CALCE:CX2_16,0.25,279,1117,838,578,857,0,-260,260,0.31026252983293556,0,0.0018672728864338834,0.07773657615001588,1.0090973255701705,1.0144820066695912,linear,DLinear,,initial_ref,48,16,6,initial,0.19141566424911982,1.3438997256049237
DLinear,1,CALCE,CX2_16,CALCE:CX2_16,0.5,558,1117,559,518,1076,0,-41,41,0.07334525939177101,1,0.007532981068940607,0.03452349090779666,0.9990171787113904,1.0144820066695912,linear,DLinear,,initial_ref,48,16,6,initial,0.19141566424911982,1.3438997256049237
DLinear,1,CALCE,CX2_16,CALCE:CX2_16,0.75,838,1117,279,354,1192,0,75,75,0.26881720430107525,0,0.0117970602930304,0.014303455053863299,1.0427011261721641,1.0144820066695912,linear,DLinear,,initial_ref,48,16,6,initial,0.19141566424911982,1.3438997256049237
DLinear,2,CALCE,CX2_16,CALCE:CX2_16,0.25,279,1117,838,649,928,0,-189,189,0.22553699284009546,0,0.0012272105931969146,0.06677391685563841,1.0124342710278647,1.0144820066695912,linear,DLinear,,initial_ref,48,16,6,initial,0.19141566424911982,1.3438997256049237
DLinear,2,CALCE,CX2_16,CALCE:CX2_16,0.5,558,1117,559,582,1140,0,23,23,0.04114490161001789,1,0.008214378667997043,0.023027841079759883,1.0226701151116475,1.0144820066695912,linear,DLinear,,initial_ref,48,16,6,initial,0.19141566424911982,1.3438997256049237
DLinear,2,CALCE,CX2_16,CALCE:CX2_16,0.75,838,1117,279,390,1228,0,111,111,0.3978494623655914,0,0.011694813657209726,0.01779169334960874,1.052921961502622,1.0144820066695912,linear,DLinear,,initial_ref,48,16,6,initial,0.19141566424911982,1.3438997256049237
DLinear,3,CALCE,CX2_16,CALCE:CX2_16,0.25,279,1117,838,770,1049,0,-68,68,0.081145584725537,1,0.0027727131578523284,0.03868069506123449,1.0095725154783057,1.0144820066695912,linear,DLinear,,initial_ref,48,16,6,initial,0.19141566424911982,1.3438997256049237
DLinear,3,CALCE,CX2_16,CALCE:CX2_16,0.5,558,1117,559,658,1216,0,99,99,0.1771019677996422,1,0.008786744361572743,0.014878875528556589,1.0522156514564034,1.0144820066695912,linear,DLinear,,initial_ref,48,16,6,initial,0.19141566424911982,1.3438997256049237
DLinear,3,CALCE,CX2_16,CALCE:CX2_16,0.75,838,1117,279,396,1234,0,117,117,0.41935483870967744,0,0.012514383570009788,0.021185721092376337,1.0578557649984897,1.0144820066695912,linear,DLinear,,initial_ref,48,16,6,initial,0.19141566424911982,1.3438997256049237
DLinear,4,CALCE,CX2_16,CALCE:CX2_16,0.25,279,1117,838,603,882,0,-235,235,0.28042959427207637,0,0.001641940840797372,0.0736942601979475,1.013496953605233,1.0144820066695912,linear,DLinear,,initial_ref,48,16,6,initial,0.19141566424911982,1.3438997256049237
DLinear,4,CALCE,CX2_16,CALCE:CX2_16,0.5,558,1117,559,541,1099,0,-18,18,0.03220035778175313,1,0.006807297712785058,0.030119487336402073,1.0090013072540625,1.0144820066695912,linear,DLinear,,initial_ref,48,16,6,initial,0.19141566424911982,1.3438997256049237
DLinear,4,CALCE,CX2_16,CALCE:CX2_16,0.75,838,1117,279,369,1207,0,90,90,0.3225806451612903,0,0.011352405651059848,0.015492048702541316,1.0468564016483821,1.0144820066695912,linear,DLinear,,initial_ref,48,16,6,initial,0.19141566424911982,1.3438997256049237
NLinear,0,CALCE,CX2_16,CALCE:CX2_16,0.25,279,1117,838,484,763,0,-354,354,0.4224343675417661,0,0.002224912287142527,0.09043110512009063,1.0096820992775308,1.0144820066695912,linear,NLinear,,initial_ref,48,16,6,initial,0.19141566424911982,1.3438997256049237
NLinear,0,CALCE,CX2_16,CALCE:CX2_16,0.5,558,1117,559,445,1003,0,-114,114,0.2039355992844365,0,0.0062435267696639915,0.05334964413942243,0.9933086491340841,1.0144820066695912,linear,NLinear,,initial_ref,48,16,6,initial,0.19141566424911982,1.3438997256049237
NLinear,0,CALCE,CX2_16,CALCE:CX2_16,0.75,838,1117,279,309,1147,0,30,30,0.10752688172043011,1,0.010135031947623907,0.013562751530814288,1.0269236314144101,1.0144820066695912,linear,NLinear,,initial_ref,48,16,6,initial,0.19141566424911982,1.3438997256049237
NLinear,1,CALCE,CX2_16,CALCE:CX2_16,0.25,279,1117,838,417,696,0,-421,421,0.5023866348448688,0,0.003051495321900044,0.09526931170919137,1.0092605931558873,1.0144820066695912,linear,NLinear,,initial_ref,48,16,6,initial,0.19141566424911982,1.3438997256049237
NLinear,1,CALCE,CX2_16,CALCE:CX2_16,0.5,558,1117,559,385,943,0,-174,174,0.3112701252236136,0,0.0061342755468223814,0.06655129551136832,0.9933758313722756,1.0144820066695912,linear,NLinear,,initial_ref,48,16,6,initial,0.19141566424911982,1.3438997256049237
NLinear,1,CALCE,CX2_16,CALCE:CX2_16,0.75,838,1117,279,269,1107,0,-10,10,0.035842293906810034,1,0.00971630778734738,0.018651170847157412,1.0098293673017826,1.0144820066695912,linear,NLinear,,initial_ref,48,16,6,initial,0.19141566424911982,1.3438997256049237
NLinear,2,CALCE,CX2_16,CALCE:CX2_16,0.25,279,1117,838,551,830,0,-287,287,0.3424821002386635,0,0.0021011597595407844,0.08279983946939556,1.012521126987093,1.0144820066695912,linear,NLinear,,initial_ref,48,16,6,initial,0.19141566424911982,1.3438997256049237
NLinear,2,CALCE,CX2_16,CALCE:CX2_16,0.5,558,1117,559,503,1061,0,-56,56,0.1001788908765653,1,0.006732286040516173,0.03961075456984791,0.9959788372713496,1.0144820066695912,linear,NLinear,,initial_ref,48,16,6,initial,0.19141566424911982,1.3438997256049237
NLinear,2,CALCE,CX2_16,CALCE:CX2_16,0.75,838,1117,279,353,1191,0,74,74,0.26523297491039427,0,0.011252391777651966,0.013882013156785326,1.0402919667535788,1.0144820066695912,linear,NLinear,,initial_ref,48,16,6,initial,0.19141566424911982,1.3438997256049237
NLinear,3,CALCE,CX2_16,CALCE:CX2_16,0.25,279,1117,838,471,750,0,-367,367,0.4379474940334129,0,0.0025610944720674635,0.09060781347254489,1.0112510910986097,1.0144820066695912,linear,NLinear,,initial_ref,48,16,6,initial,0.19141566424911982,1.3438997256049237
NLinear,3,CALCE,CX2_16,CALCE:CX2_16,0.5,558,1117,559,431,989,0,-128,128,0.22898032200357782,0,0.0068817706038811766,0.05599145517289336,0.9952008455030397,1.0144820066695912,linear,NLinear,,initial_ref,48,16,6,initial,0.19141566424911982,1.3438997256049237
NLinear,3,CALCE,CX2_16,CALCE:CX2_16,0.75,838,1117,279,303,1141,0,24,24,0.08602150537634409,1,0.010591159265872053,0.014067051497368114,1.0245903892656092,1.0144820066695912,linear,NLinear,,initial_ref,48,16,6,initial,0.19141566424911982,1.3438997256049237
NLinear,4,CALCE,CX2_16,CALCE:CX2_16,0.25,279,1117,838,456,735,0,-382,382,0.45584725536992843,0,0.002744515075787229,0.09167774256461467,1.0122908112260196,1.0144820066695912,linear,NLinear,,initial_ref,48,16,6,initial,0.19141566424911982,1.3438997256049237
NLinear,4,CALCE,CX2_16,CALCE:CX2_16,0.5,558,1117,559,417,975,0,-142,142,0.25402504472271914,0,0.006515751059058657,0.05880164383459068,0.9963719932928532,1.0144820066695912,linear,NLinear,,initial_ref,48,16,6,initial,0.19141566424911982,1.3438997256049237
NLinear,4,CALCE,CX2_16,CALCE:CX2_16,0.75,838,1117,279,294,1132,0,15,15,0.053763440860215055,1,0.010607330905327743,0.014888525690464607,1.0214249227422758,1.0144820066695912,linear,NLinear,,initial_ref,48,16,6,initial,0.19141566424911982,1.3438997256049237
DLinear,0,CALCE,CX2_33,CALCE:CX2_33,0.25,206,823,617,896,1102,0,279,279,0.4521880064829822,0,0.0054120970677745215,0.07009182321808861,1.123468232412985,1.0314718910075058,linear,DLinear,,initial_ref,48,16,6,initial,0.19141566424911982,1.3438997256049237
DLinear,0,CALCE,CX2_33,CALCE:CX2_33,0.5,412,823,411,496,908,0,85,85,0.20681265206812652,0,0.011975542490754193,0.03692636909548028,1.0644681239620695,1.0314718910075058,linear,DLinear,,initial_ref,48,16,6,initial,0.19141566424911982,1.3438997256049237
DLinear,0,CALCE,CX2_33,CALCE:CX2_33,0.75,617,823,206,153,770,0,-53,53,0.25728155339805825,0,0.008035212980791597,0.011599086092112415,1.0138203957916943,1.0314718910075058,linear,DLinear,,initial_ref,48,16,6,initial,0.19141566424911982,1.3438997256049237
DLinear,1,CALCE,CX2_33,CALCE:CX2_33,0.25,206,823,617,783,989,0,166,166,0.26904376012965964,0,0.00583180686642703,0.04735025035182428,1.0874247065064842,1.0314718910075058,linear,DLinear,,initial_ref,48,16,6,initial,0.19141566424911982,1.3438997256049237
DLinear,1,CALCE,CX2_33,CALCE:CX2_33,0.5,412,823,411,484,896,0,73,73,0.17761557177615572,1,0.01197553526476705,0.031725832450679614,1.0587165582260458,1.0314718910075058,linear,DLinear,,initial_ref,48,16,6,initial,0.19141566424911982,1.3438997256049237
DLinear,1,CALCE,CX2_33,CALCE:CX2_33,0.75,617,823,206,164,781,0,-42,42,0.20388349514563106,0,0.008402492202792074,0.009740875384216441,1.0209323061871654,1.0314718910075058,linear,DLinear,,initial_ref,48,16,6,initial,0.19141566424911982,1.3438997256049237
DLinear,2,CALCE,CX2_33,CALCE:CX2_33,0.25,206,823,617,1054,1260,0,437,437,0.7082658022690438,0,0.003493520655244223,0.08212128277227823,1.1481214869647058,1.0314718910075058,linear,DLinear,,initial_ref,48,16,6,initial,0.19141566424911982,1.3438997256049237
DLinear,2,CALCE,CX2_33,CALCE:CX2_33,0.5,412,823,411,583,995,0,172,172,0.41849148418491483,0,0.013533624825882218,0.046695125982214085,1.0848563355305116,1.0314718910075058,linear,DLinear,,initial_ref,48,16,6,initial,0.19141566424911982,1.3438997256049237
DLinear,2,CALCE,CX2_33,CALCE:CX2_33,0.75,617,823,206,183,800,0,-23,23,0.11165048543689321,1,0.009219524250562112,0.008895140322281574,1.025758772708157,1.0314718910075058,linear,DLinear,,initial_ref,48,16,6,initial,0.19141566424911982,1.3438997256049237
DLinear,3,CALCE,CX2_33,CALCE:CX2_33,0.25,206,823,617,957,1163,0,340,340,0.5510534846029174,0,0.004795702090319071,0.07633021144201974,1.1356824360391315,1.0314718910075058,linear,DLinear,,initial_ref,48,16,6,initial,0.19141566424911982,1.3438997256049237
DLinear,3,CALCE,CX2_33,CALCE:CX2_33,0.5,412,823,411,522,934,0,111,111,0.27007299270072993,0,0.012516304123120681,0.0404833416369552,1.0714631046999405,1.0314718910075058,linear,DLinear,,initial_ref,48,16,6,initial,0.19141566424911982,1.3438997256049237
DLinear,3,CALCE,CX2_33,CALCE:CX2_33,0.75,617,823,206,160,777,0,-46,46,0.22330097087378642,0,0.008203148600656344,0.010517786235097741,1.0165009093114918,1.0314718910075058,linear,DLinear,,initial_ref,48,16,6,initial,0.19141566424911982,1.3438997256049237
DLinear,4,CALCE,CX2_33,CALCE:CX2_33,0.25,206,823,617,739,945,0,122,122,0.19773095623987033,1,0.0061447200111041066,0.04527757572779261,1.0794348185046283,1.0314718910075058,linear,DLinear,,initial_ref,48,16,6,initial,0.19141566424911982,1.3438997256049237
DLinear,4,CALCE,CX2_33,CALCE:CX2_33,0.5,412,823,411,445,857,0,34,34,0.0827250608272506,1,0.011526863059736624,0.02724335047131652,1.0475465928297192,1.0314718910075058,linear,DLinear,,initial_ref,48,16,6,initial,0.19141566424911982,1.3438997256049237
DLinear,4,CALCE,CX2_33,CALCE:CX2_33,0.75,617,823,206,145,762,0,-61,61,0.2961165048543689,0,0.007715000705931013,0.013152749815868626,1.0100109901208543,1.0314718910075058,linear,DLinear,,initial_ref,48,16,6,initial,0.19141566424911982,1.3438997256049237
NLinear,0,CALCE,CX2_33,CALCE:CX2_33,0.25,206,823,617,596,802,0,-21,21,0.03403565640194489,1,0.00860668377408642,0.011979188816895718,1.0304062085523438,1.0314718910075058,linear,NLinear,,initial_ref,48,16,6,initial,0.19141566424911982,1.3438997256049237
NLinear,0,CALCE,CX2_33,CALCE:CX2_33,0.5,412,823,411,403,815,0,-8,8,0.019464720194647202,1,0.009237416807768791,0.016012955328919252,1.0307070303039285,1.0314718910075058,linear,NLinear,,initial_ref,48,16,6,initial,0.19141566424911982,1.3438997256049237
NLinear,0,CALCE,CX2_33,CALCE:CX2_33,0.75,617,823,206,148,765,0,-58,58,0.2815533980582524,0,0.007339026904919089,0.012026549665471965,1.0142307584287225,1.0314718910075058,linear,NLinear,,initial_ref,48,16,6,initial,0.19141566424911982,1.3438997256049237
NLinear,1,CALCE,CX2_33,CALCE:CX2_33,0.25,206,823,617,624,830,0,7,7,0.011345218800648298,1,0.007931897464193528,0.015201667099395222,1.0357505375903897,1.0314718910075058,linear,NLinear,,initial_ref,48,16,6,initial,0.19141566424911982,1.3438997256049237
NLinear,1,CALCE,CX2_33,CALCE:CX2_33,0.5,412,823,411,417,829,0,6,6,0.014598540145985401,1,0.009229580882582725,0.017832712704271874,1.0365499715614996,1.0314718910075058,linear,NLinear,,initial_ref,48,16,6,initial,0.19141566424911982,1.3438997256049237
NLinear,1,CALCE,CX2_33,CALCE:CX2_33,0.75,617,823,206,156,773,0,-50,50,0.24271844660194175,0,0.0075366986529452566,0.010786541405138766,1.0174767551540853,1.0314718910075058,linear,NLinear,,initial_ref,48,16,6,initial,0.19141566424911982,1.3438997256049237
NLinear,2,CALCE,CX2_33,CALCE:CX2_33,0.25,206,823,617,643,849,0,26,26,0.04213938411669368,1,0.008384503485085907,0.018259422957911952,1.0426784083242746,1.0314718910075058,linear,NLinear,,initial_ref,48,16,6,initial,0.19141566424911982,1.3438997256049237
NLinear,2,CALCE,CX2_33,CALCE:CX2_33,0.5,412,823,411,435,847,0,24,24,0.058394160583941604,1,0.009228949885805486,0.01983427672854545,1.0410471919010846,1.0314718910075058,linear,NLinear,,initial_ref,48,16,6,initial,0.19141566424911982,1.3438997256049237
NLinear,2,CALCE,CX2_33,CALCE:CX2_33,0.75,617,823,206,163,780,0,-43,43,0.2087378640776699,0,0.008070134292658276,0.009920381727776264,1.0197360109753508,1.0314718910075058,linear,NLinear,,initial_ref,48,16,6,initial,0.19141566424911982,1.3438997256049237
NLinear,3,CALCE,CX2_33,CALCE:CX2_33,0.25,206,823,617,635,841,0,18,18,0.029173419773095625,1,0.008381172814176446,0.017350390251733048,1.0409609833240048,1.0314718910075058,linear,NLinear,,initial_ref,48,16,6,initial,0.19141566424911982,1.3438997256049237
NLinear,3,CALCE,CX2_33,CALCE:CX2_33,0.5,412,823,411,427,839,0,16,16,0.038929440389294405,1,0.009353376596980092,0.019447524109637175,1.039226955929364,1.0314718910075058,linear,NLinear,,initial_ref,48,16,6,initial,0.19141566424911982,1.3438997256049237
NLinear,3,CALCE,CX2_33,CALCE:CX2_33,0.75,617,823,206,162,779,0,-44,44,0.21359223300970873,0,0.007925580895054974,0.01009382155112905,1.0195080585210423,1.0314718910075058,linear,NLinear,,initial_ref,48,16,6,initial,0.19141566424911982,1.3438997256049237
NLinear,4,CALCE,CX2_33,CALCE:CX2_33,0.25,206,823,617,545,751,0,-72,72,0.1166936790923825,1,0.008705326202248016,0.009385347678495233,1.029363234000012,1.0314718910075058,linear,NLinear,,initial_ref,48,16,6,initial,0.19141566424911982,1.3438997256049237
NLinear,4,CALCE,CX2_33,CALCE:CX2_33,0.5,412,823,411,369,781,0,-42,42,0.10218978102189781,1,0.009588324368111025,0.01300835215621106,1.0181758971950536,1.0314718910075058,linear,NLinear,,initial_ref,48,16,6,initial,0.19141566424911982,1.3438997256049237
NLinear,4,CALCE,CX2_33,CALCE:CX2_33,0.75,617,823,206,134,751,0,-72,72,0.34951456310679613,0,0.006535513486917891,0.015428350676251083,1.0073172121442622,1.0314718910075058,linear,NLinear,,initial_ref,48,16,6,initial,0.19141566424911982,1.3438997256049237
DLinear,0,CALCE,CX2_34,CALCE:CX2_34,0.25,165,659,494,777,942,0,283,283,0.5728744939271255,0,0.008327709818363104,0.04650936965878681,1.1611280451415282,1.052012672105878,linear,DLinear,,initial_ref,48,16,6,initial,0.19141566424911982,1.3438997256049237
DLinear,0,CALCE,CX2_34,CALCE:CX2_34,0.5,330,659,329,503,833,0,174,174,0.5288753799392097,0,0.014710406115845297,0.029056663300521913,1.1335797473431577,1.0809411371848334,linear,DLinear,,initial_ref,48,16,6,initial,0.19141566424911982,1.3438997256049237
DLinear,0,CALCE,CX2_34,CALCE:CX2_34,0.75,494,659,165,229,723,0,64,64,0.3878787878787879,0,0.008788835052772429,0.013863578837024711,1.1016805299392864,1.0809411371848334,linear,DLinear,,initial_ref,48,16,6,initial,0.19141566424911982,1.3438997256049237
DLinear,1,CALCE,CX2_34,CALCE:CX2_34,0.25,165,659,494,669,834,0,175,175,0.354251012145749,0,0.006575750093426573,0.031145980825497025,1.1348637259852956,1.052012672105878,linear,DLinear,,initial_ref,48,16,6,initial,0.19141566424911982,1.3438997256049237
DLinear,1,CALCE,CX2_34,CALCE:CX2_34,0.5,330,659,329,456,786,0,127,127,0.3860182370820669,0,0.016718678879429818,0.021008868010382712,1.119793988421801,1.0809411371848334,linear,DLinear,,initial_ref,48,16,6,initial,0.19141566424911982,1.3438997256049237
DLinear,1,CALCE,CX2_34,CALCE:CX2_34,0.75,494,659,165,221,715,0,56,56,0.3393939393939394,0,0.00932954314484623,0.01330115749623041,1.0984774961338186,1.0809411371848334,linear,DLinear,,initial_ref,48,16,6,initial,0.19141566424911982,1.3438997256049237
DLinear,2,CALCE,CX2_34,CALCE:CX2_34,0.25,165,659,494,712,877,0,218,218,0.44129554655870445,0,0.007120847002314777,0.03645356560939297,1.1447561809816615,1.052012672105878,linear,DLinear,,initial_ref,48,16,6,initial,0.19141566424911982,1.3438997256049237
DLinear,2,CALCE,CX2_34,CALCE:CX2_34,0.5,330,659,329,485,815,0,156,156,0.47416413373860183,0,0.013857678717151841,0.025043774197749134,1.1276213708120786,1.0809411371848334,linear,DLinear,,initial_ref,48,16,6,initial,0.19141566424911982,1.3438997256049237
DLinear,2,CALCE,CX2_34,CALCE:CX2_34,0.75,494,659,165,232,726,0,67,67,0.40606060606060607,0,0.008768438505310627,0.013911506675797136,1.102189054449338,1.0809411371848334,linear,DLinear,,initial_ref,48,16,6,initial,0.19141566424911982,1.3438997256049237
DLinear,3,CALCE,CX2_34,CALCE:CX2_34,0.25,165,659,494,1091,1256,0,597,597,1.208502024291498,0,0.009282371123689136,0.07308666968571281,1.2117689480514455,1.052012672105878,linear,DLinear,,initial_ref,48,16,6,initial,0.19141566424911982,1.3438997256049237
DLinear,3,CALCE,CX2_34,CALCE:CX2_34,0.5,330,659,329,591,921,0,262,262,0.7963525835866262,0,0.013902087342304262,0.03915673676164161,1.1519317364907646,1.0809411371848334,linear,DLinear,,initial_ref,48,16,6,initial,0.19141566424911982,1.3438997256049237
DLinear,3,CALCE,CX2_34,CALCE:CX2_34,0.75,494,659,165,243,737,0,78,78,0.4727272727272727,0,0.008006274727574286,0.01528868195860302,1.1059166984515651,1.0809411371848334,linear,DLinear,,initial_ref,48,16,6,initial,0.19141566424911982,1.3438997256049237
DLinear,4,CALCE,CX2_34,CALCE:CX2_34,0.25,165,659,494,1095,1260,0,601,601,1.2165991902834008,0,0.009227730688682372,0.07000644135701102,1.2059390512818229,1.052012672105878,linear,DLinear,,initial_ref,48,16,6,initial,0.19141566424911982,1.3438997256049237
DLinear,4,CALCE,CX2_34,CALCE:CX2_34,0.5,330,659,329,619,949,0,290,290,0.8814589665653495,0,0.014314305253918257,0.03928272277626911,1.1526153331719173,1.0809411371848334,linear,DLinear,,initial_ref,48,16,6,initial,0.19141566424911982,1.3438997256049237
DLinear,4,CALCE,CX2_34,CALCE:CX2_34,0.75,494,659,165,263,757,0,98,98,0.593939393939394,0,0.00820112764507002,0.016435689409447722,1.1084836765296773,1.0809411371848334,linear,DLinear,,initial_ref,48,16,6,initial,0.19141566424911982,1.3438997256049237
NLinear,0,CALCE,CX2_34,CALCE:CX2_34,0.25,165,659,494,516,681,0,22,22,0.044534412955465584,1,0.006540724420931988,0.01662401753702384,1.0882096530581695,1.052012672105878,linear,NLinear,,initial_ref,48,16,6,initial,0.19141566424911982,1.3438997256049237
NLinear,0,CALCE,CX2_34,CALCE:CX2_34,0.5,330,659,329,375,705,0,46,46,0.1398176291793313,1,0.013777545949147254,0.01098642819593327,1.0963830512992074,1.0809411371848334,linear,NLinear,,initial_ref,48,16,6,initial,0.19141566424911982,1.3438997256049237
NLinear,0,CALCE,CX2_34,CALCE:CX2_34,0.75,494,659,165,196,690,0,31,31,0.18787878787878787,1,0.010543173129327845,0.012831506991352657,1.0918056136133196,1.0809411371848334,linear,NLinear,,initial_ref,48,16,6,initial,0.19141566424911982,1.3438997256049237
NLinear,1,CALCE,CX2_34,CALCE:CX2_34,0.25,165,659,494,543,708,0,49,49,0.09919028340080972,1,0.006700615681277688,0.016248536093305826,1.0966794431576041,1.052012672105878,linear,NLinear,,initial_ref,48,16,6,initial,0.19141566424911982,1.3438997256049237
NLinear,1,CALCE,CX2_34,CALCE:CX2_34,0.5,330,659,329,395,725,0,66,66,0.2006079027355623,0,0.013636298831509665,0.012854606739388657,1.103523159545184,1.0809411371848334,linear,NLinear,,initial_ref,48,16,6,initial,0.19141566424911982,1.3438997256049237
NLinear,1,CALCE,CX2_34,CALCE:CX2_34,0.75,494,659,165,202,696,0,37,37,0.22424242424242424,0,0.01052535747183702,0.01291251081923812,1.0933903549340942,1.0809411371848334,linear,NLinear,,initial_ref,48,16,6,initial,0.19141566424911982,1.3438997256049237
NLinear,2,CALCE,CX2_34,CALCE:CX2_34,0.25,165,659,494,572,737,0,78,78,0.15789473684210525,1,0.0067210828994310546,0.017100527783314813,1.105025181683456,1.052012672105878,linear,NLinear,,initial_ref,48,16,6,initial,0.19141566424911982,1.3438997256049237
NLinear,2,CALCE,CX2_34,CALCE:CX2_34,0.5,330,659,329,418,748,0,89,89,0.270516717325228,0,0.0141195395817589,0.014560844582345621,1.108249468219065,1.0809411371848334,linear,NLinear,,initial_ref,48,16,6,initial,0.19141566424911982,1.3438997256049237
NLinear,2,CALCE,CX2_34,CALCE:CX2_34,0.75,494,659,165,216,710,0,51,51,0.3090909090909091,0,0.009839807739221194,0.013094307297413588,1.0974413664408829,1.0809411371848334,linear,NLinear,,initial_ref,48,16,6,initial,0.19141566424911982,1.3438997256049237
NLinear,3,CALCE,CX2_34,CALCE:CX2_34,0.25,165,659,494,545,710,0,51,51,0.10323886639676114,1,0.0064324329371654035,0.016249281994025165,1.09744732970751,1.052012672105878,linear,NLinear,,initial_ref,48,16,6,initial,0.19141566424911982,1.3438997256049237
NLinear,3,CALCE,CX2_34,CALCE:CX2_34,0.5,330,659,329,401,731,0,72,72,0.2188449848024316,0,0.015345096186064139,0.013589639289670444,1.1041235523862378,1.0809411371848334,linear,NLinear,,initial_ref,48,16,6,initial,0.19141566424911982,1.3438997256049237
NLinear,3,CALCE,CX2_34,CALCE:CX2_34,0.75,494,659,165,205,699,0,40,40,0.24242424242424243,0,0.010530241605981065,0.012888032365457698,1.094590938840386,1.0809411371848334,linear,NLinear,,initial_ref,48,16,6,initial,0.19141566424911982,1.3438997256049237
NLinear,4,CALCE,CX2_34,CALCE:CX2_34,0.25,165,659,494,521,686,0,27,27,0.05465587044534413,1,0.006162308575312374,0.016310378349971306,1.0910653658992073,1.052012672105878,linear,NLinear,,initial_ref,48,16,6,initial,0.19141566424911982,1.3438997256049237
NLinear,4,CALCE,CX2_34,CALCE:CX2_34,0.5,330,659,329,378,708,0,49,49,0.14893617021276595,1,0.015401368047188328,0.011422681348792468,1.0979169223652283,1.0809411371848334,linear,NLinear,,initial_ref,48,16,6,initial,0.19141566424911982,1.3438997256049237
NLinear,4,CALCE,CX2_34,CALCE:CX2_34,0.75,494,659,165,198,692,0,33,33,0.2,1,0.010740858507392322,0.012879456818019443,1.0924393830426475,1.0809411371848334,linear,NLinear,,initial_ref,48,16,6,initial,0.19141566424911982,1.3438997256049237
DLinear,0,CALCE,CX2_35,CALCE:CX2_35,0.25,198,790,592,513,711,0,-79,79,0.13344594594594594,1,0.013108909292719347,0.02369201183142841,1.0855757754765205,1.089965934571353,linear,DLinear,,initial_ref,48,16,6,initial,0.19141566424911982,1.3386408296274017
DLinear,0,CALCE,CX2_35,CALCE:CX2_35,0.5,395,790,395,394,789,0,-1,1,0.002531645569620253,1,0.014824597700715142,0.008474096895685238,1.0894446408761567,1.089965934571353,linear,DLinear,,initial_ref,48,16,6,initial,0.19141566424911982,1.3386408296274017
DLinear,0,CALCE,CX2_35,CALCE:CX2_35,0.75,592,790,198,202,794,0,4,4,0.020202020202020204,1,0.0047256595223218,0.0059567731380160745,1.0901444906724305,1.089965934571353,linear,DLinear,,initial_ref,48,16,6,initial,0.19141566424911982,1.3386408296274017
DLinear,1,CALCE,CX2_35,CALCE:CX2_35,0.25,198,790,592,520,718,0,-72,72,0.12162162162162163,1,0.012163173101550075,0.021486255423773665,1.0874276690949456,1.089965934571353,linear,DLinear,,initial_ref,48,16,6,initial,0.19141566424911982,1.3386408296274017
DLinear,1,CALCE,CX2_35,CALCE:CX2_35,0.5,395,790,395,392,787,0,-3,3,0.007594936708860759,1,0.014031178550445597,0.008250399052034098,1.0890055324083687,1.089965934571353,linear,DLinear,,initial_ref,48,16,6,initial,0.19141566424911982,1.3386408296274017
DLinear,1,CALCE,CX2_35,CALCE:CX2_35,0.75,592,790,198,199,791,0,1,1,0.005050505050505051,1,0.004042577474596744,0.006018701165830908,1.0910346651184568,1.089965934571353,linear,DLinear,,initial_ref,48,16,6,initial,0.19141566424911982,1.3386408296274017
DLinear,2,CALCE,CX2_35,CALCE:CX2_35,0.25,198,790,592,582,780,0,-10,10,0.016891891891891893,1,0.012996227173428628,0.011229164111975727,1.0868791605534562,1.089965934571353,linear,DLinear,,initial_ref,48,16,6,initial,0.19141566424911982,1.3386408296274017
DLinear,2,CALCE,CX2_35,CALCE:CX2_35,0.5,395,790,395,435,830,0,40,40,0.10126582278481013,1,0.015501610639119636,0.011695243040955768,1.1044641924667553,1.089965934571353,linear,DLinear,,initial_ref,48,16,6,initial,0.19141566424911982,1.3386408296274017
DLinear,2,CALCE,CX2_35,CALCE:CX2_35,0.75,592,790,198,218,810,0,20,20,0.10101010101010101,1,0.004309828496685223,0.007028525680776739,1.097368137903164,1.089965934571353,linear,DLinear,,initial_ref,48,16,6,initial,0.19141566424911982,1.3386408296274017
DLinear,3,CALCE,CX2_35,CALCE:CX2_35,0.25,198,790,592,725,923,0,133,133,0.22466216216216217,0,0.014024231451939198,0.022807376675401995,1.1304159763231851,1.089965934571353,linear,DLinear,,initial_ref,48,16,6,initial,0.19141566424911982,1.3386408296274017
DLinear,3,CALCE,CX2_35,CALCE:CX2_35,0.5,395,790,395,521,916,0,126,126,0.3189873417721519,0,0.015947641828887457,0.02480919980189066,1.1282945728092415,1.089965934571353,linear,DLinear,,initial_ref,48,16,6,initial,0.19141566424911982,1.3386408296274017
DLinear,3,CALCE,CX2_35,CALCE:CX2_35,0.75,592,790,198,245,837,0,47,47,0.23737373737373738,0,0.0056117926970119395,0.010712754353858014,1.1042487661886127,1.089965934571353,linear,DLinear,,initial_ref,48,16,6,initial,0.19141566424911982,1.3386408296274017
DLinear,4,CALCE,CX2_35,CALCE:CX2_35,0.25,198,790,592,573,771,0,-19,19,0.03209459459459459,1,0.012306010117297655,0.012587984352972521,1.0836433466536792,1.089965934571353,linear,DLinear,,initial_ref,48,16,6,initial,0.19141566424911982,1.3386408296274017
DLinear,4,CALCE,CX2_35,CALCE:CX2_35,0.5,395,790,395,429,824,0,34,34,0.08607594936708861,1,0.014459431861625571,0.010325669400469268,1.1020156140427677,1.089965934571353,linear,DLinear,,initial_ref,48,16,6,initial,0.19141566424911982,1.3386408296274017
DLinear,4,CALCE,CX2_35,CALCE:CX2_35,0.75,592,790,198,215,807,0,17,17,0.08585858585858586,1,0.004773308490882182,0.006906987342604229,1.0966662395395013,1.089965934571353,linear,DLinear,,initial_ref,48,16,6,initial,0.19141566424911982,1.3386408296274017
NLinear,0,CALCE,CX2_35,CALCE:CX2_35,0.25,198,790,592,575,773,0,-17,17,0.028716216216216218,1,0.012277466614278087,0.013435976655046974,1.0855201641662124,1.089965934571353,linear,NLinear,,initial_ref,48,16,6,initial,0.19141566424911982,1.3386408296274017
NLinear,0,CALCE,CX2_35,CALCE:CX2_35,0.5,395,790,395,433,828,0,38,38,0.09620253164556962,1,0.013728278192549173,0.010563479601720974,1.1037500684501709,1.089965934571353,linear,NLinear,,initial_ref,48,16,6,initial,0.19141566424911982,1.3386408296274017
NLinear,0,CALCE,CX2_35,CALCE:CX2_35,0.75,592,790,198,223,815,0,25,25,0.12626262626262627,1,0.004798116996010164,0.00724637302063377,1.0979502371965808,1.089965934571353,linear,NLinear,,initial_ref,48,16,6,initial,0.19141566424911982,1.3386408296274017
NLinear,1,CALCE,CX2_35,CALCE:CX2_35,0.25,198,790,592,587,785,0,-5,5,0.008445945945945946,1,0.012438393000009665,0.011910885041444013,1.0889477523288744,1.089965934571353,linear,NLinear,,initial_ref,48,16,6,initial,0.19141566424911982,1.3386408296274017
NLinear,1,CALCE,CX2_35,CALCE:CX2_35,0.5,395,790,395,446,841,0,51,51,0.1291139240506329,1,0.014443367638179749,0.01176753899622081,1.1063435670927444,1.089965934571353,linear,NLinear,,initial_ref,48,16,6,initial,0.19141566424911982,1.3386408296274017
NLinear,1,CALCE,CX2_35,CALCE:CX2_35,0.75,592,790,198,228,820,0,30,30,0.15151515151515152,1,0.004838161479499344,0.008002760928175172,1.100391003531088,1.089965934571353,linear,NLinear,,initial_ref,48,16,6,initial,0.19141566424911982,1.3386408296274017
NLinear,2,CALCE,CX2_35,CALCE:CX2_35,0.25,198,790,592,529,727,0,-63,63,0.10641891891891891,1,0.011274250792463473,0.021287004008793492,1.085344249349055,1.089965934571353,linear,NLinear,,initial_ref,48,16,6,initial,0.19141566424911982,1.3386408296274017
NLinear,2,CALCE,CX2_35,CALCE:CX2_35,0.5,395,790,395,401,796,0,6,6,0.015189873417721518,1,0.013888114119492742,0.008167623473787966,1.0926570791220738,1.089965934571353,linear,NLinear,,initial_ref,48,16,6,initial,0.19141566424911982,1.3386408296274017
NLinear,2,CALCE,CX2_35,CALCE:CX2_35,0.75,592,790,198,203,795,0,5,5,0.025252525252525252,1,0.004367929574380276,0.005932329020806425,1.0923441106261982,1.089965934571353,linear,NLinear,,initial_ref,48,16,6,initial,0.19141566424911982,1.3386408296274017
NLinear,3,CALCE,CX2_35,CALCE:CX2_35,0.25,198,790,592,529,727,0,-63,63,0.10641891891891891,1,0.012064680035647599,0.020265694369592045,1.0862825569097914,1.089965934571353,linear,NLinear,,initial_ref,48,16,6,initial,0.19141566424911982,1.3386408296274017
NLinear,3,CALCE,CX2_35,CALCE:CX2_35,0.5,395,790,395,401,796,0,6,6,0.015189873417721518,1,0.013642628669590921,0.008234797855620854,1.0941593129027365,1.089965934571353,linear,NLinear,,initial_ref,48,16,6,initial,0.19141566424911982,1.3386408296274017
NLinear,3,CALCE,CX2_35,CALCE:CX2_35,0.75,592,790,198,205,797,0,7,7,0.03535353535353535,1,0.0042482240461616215,0.005898202276214463,1.0923936871898454,1.089965934571353,linear,NLinear,,initial_ref,48,16,6,initial,0.19141566424911982,1.3386408296274017
NLinear,4,CALCE,CX2_35,CALCE:CX2_35,0.25,198,790,592,578,776,0,-14,14,0.02364864864864865,1,0.0117687097190145,0.013026848875836682,1.0868332814792936,1.089965934571353,linear,NLinear,,initial_ref,48,16,6,initial,0.19141566424911982,1.3386408296274017
NLinear,4,CALCE,CX2_35,CALCE:CX2_35,0.5,395,790,395,441,836,0,46,46,0.11645569620253164,1,0.01471388573086279,0.011111948169487507,1.104684498732409,1.089965934571353,linear,NLinear,,initial_ref,48,16,6,initial,0.19141566424911982,1.3386408296274017
NLinear,4,CALCE,CX2_35,CALCE:CX2_35,0.75,592,790,198,226,818,0,28,28,0.1414141414141414,1,0.0049091412158469745,0.007588071099427778,1.0989077770449387,1.089965934571353,linear,NLinear,,initial_ref,48,16,6,initial,0.19141566424911982,1.3386408296274017
DLinear,0,CALCE,CX2_36,CALCE:CX2_36,0.25,163,653,490,763,926,0,273,273,0.5571428571428572,0,0.003856393774447143,0.04952010165220451,1.1591674687730098,1.0809841277664205,linear,DLinear,,initial_ref,48,16,6,initial,0.19141566424911982,1.3438997256049237
DLinear,0,CALCE,CX2_36,CALCE:CX2_36,0.5,326,653,327,375,701,0,48,48,0.14678899082568808,1,0.014954392108702991,0.015867361896181428,1.1011581395608427,1.0809841277664205,linear,DLinear,,initial_ref,48,16,6,initial,0.19141566424911982,1.3438997256049237
DLinear,0,CALCE,CX2_36,CALCE:CX2_36,0.75,490,653,163,202,692,0,39,39,0.2392638036809816,0,0.005167124098490521,0.013528130855598158,1.0982290142812918,1.0809841277664205,linear,DLinear,,initial_ref,48,16,6,initial,0.19141566424911982,1.3438997256049237
DLinear,1,CALCE,CX2_36,CALCE:CX2_36,0.25,163,653,490,513,676,0,23,23,0.04693877551020408,1,0.0050590775090941335,0.01618372949735945,1.0924257667379509,1.0809841277664205,linear,DLinear,,initial_ref,48,16,6,initial,0.19141566424911982,1.3438997256049237
DLinear,1,CALCE,CX2_36,CALCE:CX2_36,0.5,326,653,327,313,639,0,-14,14,0.04281345565749235,1,0.013492484913148752,0.015273040123775812,1.0818007078285279,1.0809841277664205,linear,DLinear,,initial_ref,48,16,6,initial,0.19141566424911982,1.3438997256049237
DLinear,1,CALCE,CX2_36,CALCE:CX2_36,0.75,490,653,163,186,676,0,23,23,0.1411042944785276,1,0.005888454717882313,0.011986904723482293,1.0930170341561072,1.0809841277664205,linear,DLinear,,initial_ref,48,16,6,initial,0.19141566424911982,1.3438997256049237
DLinear,2,CALCE,CX2_36,CALCE:CX2_36,0.25,163,653,490,628,791,0,138,138,0.2816326530612245,0,0.002781232000160225,0.034031692034274245,1.1286491376991845,1.0809841277664205,linear,DLinear,,initial_ref,48,16,6,initial,0.19141566424911982,1.3438997256049237
DLinear,2,CALCE,CX2_36,CALCE:CX2_36,0.5,326,653,327,339,665,0,12,12,0.03669724770642202,1,0.014464307972780607,0.014053356414048935,1.0895539472920073,1.0809841277664205,linear,DLinear,,initial_ref,48,16,6,initial,0.19141566424911982,1.3438997256049237
DLinear,2,CALCE,CX2_36,CALCE:CX2_36,0.75,490,653,163,188,678,0,25,25,0.15337423312883436,1,0.006011673217454945,0.012417201525014533,1.0956631066274127,1.0809841277664205,linear,DLinear,,initial_ref,48,16,6,initial,0.19141566424911982,1.3438997256049237
DLinear,3,CALCE,CX2_36,CALCE:CX2_36,0.25,163,653,490,591,754,0,101,101,0.20612244897959184,0,0.003121985304444563,0.02749439176296351,1.1165943043401387,1.0809841277664205,linear,DLinear,,initial_ref,48,16,6,initial,0.19141566424911982,1.3438997256049237
DLinear,3,CALCE,CX2_36,CALCE:CX2_36,0.5,326,653,327,334,660,0,7,7,0.021406727828746176,1,0.014401216419406846,0.01401380819908333,1.0884214989897816,1.0809841277664205,linear,DLinear,,initial_ref,48,16,6,initial,0.19141566424911982,1.3438997256049237
DLinear,3,CALCE,CX2_36,CALCE:CX2_36,0.75,490,653,163,191,681,0,28,28,0.17177914110429449,1,0.005713946927446706,0.012452364703689768,1.0953508293785839,1.0809841277664205,linear,DLinear,,initial_ref,48,16,6,initial,0.19141566424911982,1.3438997256049237
DLinear,4,CALCE,CX2_36,CALCE:CX2_36,0.25,163,653,490,688,851,0,198,198,0.40408163265306124,0,0.002816998367555831,0.04169988087514749,1.143212944713251,1.0809841277664205,linear,DLinear,,initial_ref,48,16,6,initial,0.19141566424911982,1.3438997256049237
DLinear,4,CALCE,CX2_36,CALCE:CX2_36,0.5,326,653,327,353,679,0,26,26,0.07951070336391437,1,0.014369077066327238,0.014397113799850803,1.094917247437069,1.0809841277664205,linear,DLinear,,initial_ref,48,16,6,initial,0.19141566424911982,1.3438997256049237
DLinear,4,CALCE,CX2_36,CALCE:CX2_36,0.75,490,653,163,195,685,0,32,32,0.19631901840490798,1,0.005872600473606902,0.013002999953359294,1.0972275088645165,1.0809841277664205,linear,DLinear,,initial_ref,48,16,6,initial,0.19141566424911982,1.3438997256049237
NLinear,0,CALCE,CX2_36,CALCE:CX2_36,0.25,163,653,490,421,584,0,-69,69,0.14081632653061224,1,0.005977390539048195,0.019496298128163125,1.082839342617205,1.0809841277664205,linear,NLinear,,initial_ref,48,16,6,initial,0.19141566424911982,1.3438997256049237
NLinear,0,CALCE,CX2_36,CALCE:CX2_36,0.5,326,653,327,262,588,0,-65,65,0.19877675840978593,1,0.012662711083728854,0.02221147164099504,1.0634528054707735,1.0809841277664205,linear,NLinear,,initial_ref,48,16,6,initial,0.19141566424911982,1.3438997256049237
NLinear,0,CALCE,CX2_36,CALCE:CX2_36,0.75,490,653,163,161,651,0,-2,2,0.012269938650306749,1,0.005716077870021477,0.011668822915883099,1.0854746594241211,1.0809841277664205,linear,NLinear,,initial_ref,48,16,6,initial,0.19141566424911982,1.3438997256049237
NLinear,1,CALCE,CX2_36,CALCE:CX2_36,0.25,163,653,490,392,555,0,-98,98,0.2,1,0.006827198995902883,0.02323393927627337,1.0828063476935772,1.0809841277664205,linear,NLinear,,initial_ref,48,16,6,initial,0.19141566424911982,1.3438997256049237
NLinear,1,CALCE,CX2_36,CALCE:CX2_36,0.5,326,653,327,244,570,0,-83,83,0.25382262996941896,0,0.012616261130018586,0.026467024317921417,1.0554808337246955,1.0809841277664205,linear,NLinear,,initial_ref,48,16,6,initial,0.19141566424911982,1.3438997256049237
NLinear,1,CALCE,CX2_36,CALCE:CX2_36,0.75,490,653,163,148,638,0,-15,15,0.09202453987730061,1,0.00575147603785513,0.012470488282160267,1.0800039649439854,1.0809841277664205,linear,NLinear,,initial_ref,48,16,6,initial,0.19141566424911982,1.3438997256049237
NLinear,2,CALCE,CX2_36,CALCE:CX2_36,0.25,163,653,490,455,618,0,-35,35,0.07142857142857142,1,0.006475842527866252,0.01617382963429965,1.0820152781195378,1.0809841277664205,linear,NLinear,,initial_ref,48,16,6,initial,0.19141566424911982,1.3438997256049237
NLinear,2,CALCE,CX2_36,CALCE:CX2_36,0.5,326,653,327,283,609,0,-44,44,0.1345565749235474,1,0.012500249162025908,0.018722044959879367,1.0720962320772998,1.0809841277664205,linear,NLinear,,initial_ref,48,16,6,initial,0.19141566424911982,1.3438997256049237
NLinear,2,CALCE,CX2_36,CALCE:CX2_36,0.75,490,653,163,172,662,0,9,9,0.05521472392638037,1,0.006364087344859862,0.011627535572073435,1.09034655732429,1.0809841277664205,linear,NLinear,,initial_ref,48,16,6,initial,0.19141566424911982,1.3438997256049237
NLinear,3,CALCE,CX2_36,CALCE:CX2_36,0.25,163,653,490,437,600,0,-53,53,0.10816326530612246,1,0.007275039726951971,0.017553442078744087,1.0836261665860218,1.0809841277664205,linear,NLinear,,initial_ref,48,16,6,initial,0.19141566424911982,1.3438997256049237
NLinear,3,CALCE,CX2_36,CALCE:CX2_36,0.5,326,653,327,276,602,0,-51,51,0.1559633027522936,1,0.013190236278783535,0.019969761101663475,1.0686158253867042,1.0809841277664205,linear,NLinear,,initial_ref,48,16,6,initial,0.19141566424911982,1.3438997256049237
NLinear,3,CALCE,CX2_36,CALCE:CX2_36,0.75,490,653,163,166,656,0,3,3,0.018404907975460124,1,0.005469287395900345,0.011662804268692309,1.0879955849103404,1.0809841277664205,linear,NLinear,,initial_ref,48,16,6,initial,0.19141566424911982,1.3438997256049237
NLinear,4,CALCE,CX2_36,CALCE:CX2_36,0.25,163,653,490,381,544,0,-109,109,0.22244897959183674,0,0.007312400583703217,0.025530618400812367,1.077412113455041,1.0809841277664205,linear,NLinear,,initial_ref,48,16,6,initial,0.19141566424911982,1.3438997256049237
NLinear,4,CALCE,CX2_36,CALCE:CX2_36,0.5,326,653,327,240,566,0,-87,87,0.26605504587155965,0,0.012904512995017013,0.027943609245406394,1.052208384962203,1.0809841277664205,linear,NLinear,,initial_ref,48,16,6,initial,0.19141566424911982,1.3438997256049237
NLinear,4,CALCE,CX2_36,CALCE:CX2_36,0.75,490,653,163,144,634,0,-19,19,0.1165644171779141,1,0.005945692883084185,0.013283642082703283,1.077214668219944,1.0809841277664205,linear,NLinear,,initial_ref,48,16,6,initial,0.19141566424911982,1.3438997256049237
DLinear,0,CALCE,CX2_37,CALCE:CX2_37,0.25,172,687,515,708,880,0,193,193,0.37475728155339805,0,0.011632834487593054,0.039213688038374814,1.147993943859503,1.0928184229844042,linear,DLinear,,initial_ref,48,16,6,initial,0.19141566424911982,1.3438997256049237
DLinear,0,CALCE,CX2_37,CALCE:CX2_37,0.5,344,687,343,365,709,0,22,22,0.0641399416909621,1,0.015542321390581574,0.010112760314713365,1.0978925583802635,1.0928184229844042,linear,DLinear,,initial_ref,48,16,6,initial,0.19141566424911982,1.3438997256049237
DLinear,0,CALCE,CX2_37,CALCE:CX2_37,0.75,515,687,172,225,740,0,53,53,0.3081395348837209,0,0.0039546665220172835,0.014460215470785315,1.1073568036055224,1.0928184229844042,linear,DLinear,,initial_ref,48,16,6,initial,0.19141566424911982,1.3438997256049237
DLinear,1,CALCE,CX2_37,CALCE:CX2_37,0.25,172,687,515,678,850,0,163,163,0.31650485436893205,0,0.011566486767902538,0.029244966254871753,1.1340399773045344,1.0928184229844042,linear,DLinear,,initial_ref,48,16,6,initial,0.19141566424911982,1.3438997256049237
DLinear,1,CALCE,CX2_37,CALCE:CX2_37,0.5,344,687,343,390,734,0,47,47,0.13702623906705538,1,0.01557107230416424,0.010560794105090547,1.1033413193918586,1.0928184229844042,linear,DLinear,,initial_ref,48,16,6,initial,0.19141566424911982,1.3438997256049237
DLinear,1,CALCE,CX2_37,CALCE:CX2_37,0.75,515,687,172,249,764,0,77,77,0.4476744186046512,0,0.00375862582050573,0.015956252604757987,1.111993011584007,1.0928184229844042,linear,DLinear,,initial_ref,48,16,6,initial,0.19141566424911982,1.3438997256049237
DLinear,2,CALCE,CX2_37,CALCE:CX2_37,0.25,172,687,515,659,831,0,144,144,0.2796116504854369,0,0.011434270991243004,0.029345987448881748,1.131745631732094,1.0928184229844042,linear,DLinear,,initial_ref,48,16,6,initial,0.19141566424911982,1.3438997256049237
DLinear,2,CALCE,CX2_37,CALCE:CX2_37,0.5,344,687,343,371,715,0,28,28,0.08163265306122448,1,0.016386855457375515,0.010213737263506687,1.098122317428705,1.0928184229844042,linear,DLinear,,initial_ref,48,16,6,initial,0.19141566424911982,1.3438997256049237
DLinear,2,CALCE,CX2_37,CALCE:CX2_37,0.75,515,687,172,233,748,0,61,61,0.3546511627906977,0,0.003990695720134826,0.014987745937206642,1.1096273928123057,1.0928184229844042,linear,DLinear,,initial_ref,48,16,6,initial,0.19141566424911982,1.3438997256049237
DLinear,3,CALCE,CX2_37,CALCE:CX2_37,0.25,172,687,515,1100,1272,0,585,585,1.1359223300970873,0,0.013804663270240157,0.06859484161733474,1.200793797725101,1.0928184229844042,linear,DLinear,,initial_ref,48,16,6,initial,0.19141566424911982,1.3438997256049237
DLinear,3,CALCE,CX2_37,CALCE:CX2_37,0.5,344,687,343,487,831,0,144,144,0.4198250728862974,0,0.01682528116294578,0.020375133379050902,1.1266103185511165,1.0928184229844042,linear,DLinear,,initial_ref,48,16,6,initial,0.19141566424911982,1.3438997256049237
DLinear,3,CALCE,CX2_37,CALCE:CX2_37,0.75,515,687,172,288,803,0,116,116,0.6744186046511628,0,0.003540805735075257,0.020717705002568164,1.1191107731727064,1.0928184229844042,linear,DLinear,,initial_ref,48,16,6,initial,0.19141566424911982,1.3438997256049237
DLinear,4,CALCE,CX2_37,CALCE:CX2_37,0.25,172,687,515,614,786,0,99,99,0.19223300970873786,1,0.01160847068087843,0.024400022723787336,1.1212408876377895,1.0928184229844042,linear,DLinear,,initial_ref,48,16,6,initial,0.19141566424911982,1.3438997256049237
DLinear,4,CALCE,CX2_37,CALCE:CX2_37,0.5,344,687,343,343,687,0,0,0,0.0,1,0.015044129524833997,0.010649440498306365,1.0906370357151867,1.0928184229844042,linear,DLinear,,initial_ref,48,16,6,initial,0.19141566424911982,1.3438997256049237
DLinear,4,CALCE,CX2_37,CALCE:CX2_37,0.75,515,687,172,217,732,0,45,45,0.2616279069767442,0,0.003979465614165064,0.013111481227446433,1.1044785359184606,1.0928184229844042,linear,DLinear,,initial_ref,48,16,6,initial,0.19141566424911982,1.3438997256049237
NLinear,0,CALCE,CX2_37,CALCE:CX2_37,0.25,172,687,515,431,603,0,-84,84,0.16310679611650486,1,0.009276969246907433,0.019973054853711474,1.0842046551211841,1.0928184229844042,linear,NLinear,,initial_ref,48,16,6,initial,0.19141566424911982,1.3438997256049237
NLinear,0,CALCE,CX2_37,CALCE:CX2_37,0.5,344,687,343,265,609,0,-78,78,0.22740524781341107,0,0.012867758777711721,0.02496059143519048,1.0621758440883127,1.0928184229844042,linear,NLinear,,initial_ref,48,16,6,initial,0.19141566424911982,1.3438997256049237
NLinear,0,CALCE,CX2_37,CALCE:CX2_37,0.75,515,687,172,177,692,0,5,5,0.029069767441860465,1,0.0049239397903372345,0.009362269637729135,1.0928262990592583,1.0928184229844042,linear,NLinear,,initial_ref,48,16,6,initial,0.19141566424911982,1.3438997256049237
NLinear,1,CALCE,CX2_37,CALCE:CX2_37,0.25,172,687,515,417,589,0,-98,98,0.19029126213592232,1,0.009566730302572006,0.021796572464549677,1.086693815403997,1.0928184229844042,linear,NLinear,,initial_ref,48,16,6,initial,0.19141566424911982,1.3438997256049237
NLinear,1,CALCE,CX2_37,CALCE:CX2_37,0.5,344,687,343,257,601,0,-86,86,0.25072886297376096,0,0.013088687371884155,0.027052065291232445,1.0578610577680647,1.0928184229844042,linear,NLinear,,initial_ref,48,16,6,initial,0.19141566424911982,1.3438997256049237
NLinear,1,CALCE,CX2_37,CALCE:CX2_37,0.75,515,687,172,173,688,0,1,1,0.005813953488372093,1,0.005240989701321827,0.009323152127885068,1.0911147361901874,1.0928184229844042,linear,NLinear,,initial_ref,48,16,6,initial,0.19141566424911982,1.3438997256049237
NLinear,2,CALCE,CX2_37,CALCE:CX2_37,0.25,172,687,515,489,661,0,-26,26,0.05048543689320388,1,0.00983241982219411,0.012717975574446991,1.0884352644866582,1.0928184229844042,linear,NLinear,,initial_ref,48,16,6,initial,0.19141566424911982,1.3438997256049237
NLinear,2,CALCE,CX2_37,CALCE:CX2_37,0.5,344,687,343,302,646,0,-41,41,0.119533527696793,1,0.013661919809990743,0.01705630399023872,1.0776138032924123,1.0928184229844042,linear,NLinear,,initial_ref,48,16,6,initial,0.19141566424911982,1.3438997256049237
NLinear,2,CALCE,CX2_37,CALCE:CX2_37,0.75,515,687,172,201,716,0,29,29,0.1686046511627907,1,0.004567390646030557,0.010804001946720597,1.0999027998077266,1.0928184229844042,linear,NLinear,,initial_ref,48,16,6,initial,0.19141566424911982,1.3438997256049237
NLinear,3,CALCE,CX2_37,CALCE:CX2_37,0.25,172,687,515,488,660,0,-27,27,0.05242718446601942,1,0.009482221350614273,0.01262414114445495,1.0881595772167005,1.0928184229844042,linear,NLinear,,initial_ref,48,16,6,initial,0.19141566424911982,1.3438997256049237
NLinear,3,CALCE,CX2_37,CALCE:CX2_37,0.5,344,687,343,304,648,0,-39,39,0.11370262390670553,1,0.014116152478380927,0.016823960588361248,1.0774313090430883,1.0928184229844042,linear,NLinear,,initial_ref,48,16,6,initial,0.19141566424911982,1.3438997256049237
NLinear,3,CALCE,CX2_37,CALCE:CX2_37,0.75,515,687,172,200,715,0,28,28,0.16279069767441862,1,0.004826451496562556,0.010702962230386645,1.0997031167038223,1.0928184229844042,linear,NLinear,,initial_ref,48,16,6,initial,0.19141566424911982,1.3438997256049237
NLinear,4,CALCE,CX2_37,CALCE:CX2_37,0.25,172,687,515,432,604,0,-83,83,0.16116504854368932,1,0.009474868901398299,0.02021514824668142,1.0833054283766006,1.0928184229844042,linear,NLinear,,initial_ref,48,16,6,initial,0.19141566424911982,1.3438997256049237
NLinear,4,CALCE,CX2_37,CALCE:CX2_37,0.5,344,687,343,264,608,0,-79,79,0.2303206997084548,0,0.013204650184105127,0.02502384283197848,1.0618121339660154,1.0928184229844042,linear,NLinear,,initial_ref,48,16,6,initial,0.19141566424911982,1.3438997256049237
NLinear,4,CALCE,CX2_37,CALCE:CX2_37,0.75,515,687,172,176,691,0,4,4,0.023255813953488372,1,0.0050542504720104894,0.009403015792006059,1.0921786991366749,1.0928184229844042,linear,NLinear,,initial_ref,48,16,6,initial,0.19141566424911982,1.3438997256049237
DLinear,0,CALCE,CX2_38,CALCE:CX2_38,0.25,166,663,497,1035,1201,0,538,538,1.0824949698189135,0,0.009342979548225251,0.06276321021190868,1.1909959384350843,1.0887636512581977,linear,DLinear,,initial_ref,48,16,6,initial,0.5414213211554184,1.3438997256049237
DLinear,0,CALCE,CX2_38,CALCE:CX2_38,0.5,332,663,331,501,833,0,170,170,0.513595166163142,0,0.020671679669431224,0.02257378536232573,1.1282107093063678,1.0887636512581977,linear,DLinear,,initial_ref,48,16,6,initial,0.5414213211554184,1.3438997256049237
DLinear,0,CALCE,CX2_38,CALCE:CX2_38,0.75,497,663,166,309,806,0,143,143,0.8614457831325302,0,0.006845302220328562,0.023039437353227395,1.1216273171107265,1.0887636512581977,linear,DLinear,,initial_ref,48,16,6,initial,0.5414213211554184,1.3438997256049237
DLinear,1,CALCE,CX2_38,CALCE:CX2_38,0.25,166,663,497,622,788,0,125,125,0.2515090543259557,0,0.007249850294169,0.02608967361112897,1.1255110416294754,1.0887636512581977,linear,DLinear,,initial_ref,48,16,6,initial,0.5414213211554184,1.3438997256049237
DLinear,1,CALCE,CX2_38,CALCE:CX2_38,0.5,332,663,331,356,688,0,25,25,0.0755287009063444,1,0.018269220625110615,0.011013237322943716,1.0962668298757756,1.0887636512581977,linear,DLinear,,initial_ref,48,16,6,initial,0.5414213211554184,1.3438997256049237
DLinear,1,CALCE,CX2_38,CALCE:CX2_38,0.75,497,663,166,231,728,0,65,65,0.39156626506024095,0,0.005749551800317093,0.015389453787697795,1.1079071513770153,1.0887636512581977,linear,DLinear,,initial_ref,48,16,6,initial,0.5414213211554184,1.3438997256049237
DLinear,2,CALCE,CX2_38,CALCE:CX2_38,0.25,166,663,497,759,925,0,262,262,0.5271629778672032,0,0.00836439598021714,0.04085510599845102,1.1523352758036691,1.0887636512581977,linear,DLinear,,initial_ref,48,16,6,initial,0.5414213211554184,1.3438997256049237
DLinear,2,CALCE,CX2_38,CALCE:CX2_38,0.5,332,663,331,423,755,0,92,92,0.27794561933534745,0,0.019732897871802622,0.014974011213473975,1.1121171098712317,1.0887636512581977,linear,DLinear,,initial_ref,48,16,6,initial,0.5414213211554184,1.3438997256049237
DLinear,2,CALCE,CX2_38,CALCE:CX2_38,0.75,497,663,166,270,767,0,104,104,0.6265060240963856,0,0.006552920914227253,0.01937465867333394,1.1159491220695918,1.0887636512581977,linear,DLinear,,initial_ref,48,16,6,initial,0.5414213211554184,1.3438997256049237
DLinear,3,CALCE,CX2_38,CALCE:CX2_38,0.25,166,663,497,549,715,0,52,52,0.10462776659959759,1,0.006390547547994593,0.015291707732426833,1.1049192421461949,1.0887636512581977,linear,DLinear,,initial_ref,48,16,6,initial,0.5414213211554184,1.3438997256049237
DLinear,3,CALCE,CX2_38,CALCE:CX2_38,0.5,332,663,331,336,668,0,5,5,0.015105740181268883,1,0.018706734106056166,0.0117741408751328,1.0906494853850686,1.0887636512581977,linear,DLinear,,initial_ref,48,16,6,initial,0.5414213211554184,1.3438997256049237
DLinear,3,CALCE,CX2_38,CALCE:CX2_38,0.75,497,663,166,224,721,0,58,58,0.3493975903614458,0,0.0058404191967684526,0.014178665472392568,1.1058231281269602,1.0887636512581977,linear,DLinear,,initial_ref,48,16,6,initial,0.5414213211554184,1.3438997256049237
DLinear,4,CALCE,CX2_38,CALCE:CX2_38,0.25,166,663,497,630,796,0,133,133,0.2676056338028169,0,0.0075399883838649364,0.029428574862540042,1.1291173905979601,1.0887636512581977,linear,DLinear,,initial_ref,48,16,6,initial,0.5414213211554184,1.3438997256049237
DLinear,4,CALCE,CX2_38,CALCE:CX2_38,0.5,332,663,331,352,684,0,21,21,0.0634441087613293,1,0.0191937373661141,0.011137273579236136,1.0955831448308746,1.0887636512581977,linear,DLinear,,initial_ref,48,16,6,initial,0.5414213211554184,1.3438997256049237
DLinear,4,CALCE,CX2_38,CALCE:CX2_38,0.75,497,663,166,224,721,0,58,58,0.3493975903614458,0,0.006241744693019144,0.015315971914325294,1.1070119098438373,1.0887636512581977,linear,DLinear,,initial_ref,48,16,6,initial,0.5414213211554184,1.3438997256049237
NLinear,0,CALCE,CX2_38,CALCE:CX2_38,0.25,166,663,497,469,635,0,-28,28,0.056338028169014086,1,0.005966936776079496,0.013166322985571816,1.086325870445341,1.0887636512581977,linear,NLinear,,initial_ref,48,16,6,initial,0.5414213211554184,1.3438997256049237
NLinear,0,CALCE,CX2_38,CALCE:CX2_38,0.5,332,663,331,291,623,0,-40,40,0.12084592145015106,1,0.017217478404999778,0.0169657484190616,1.0766323183409454,1.0887636512581977,linear,NLinear,,initial_ref,48,16,6,initial,0.5414213211554184,1.3438997256049237
NLinear,0,CALCE,CX2_38,CALCE:CX2_38,0.75,497,663,166,197,694,0,31,31,0.18674698795180722,1,0.005170038754047232,0.011166087293377912,1.098282850401618,1.0887636512581977,linear,NLinear,,initial_ref,48,16,6,initial,0.5414213211554184,1.3438997256049237
NLinear,1,CALCE,CX2_38,CALCE:CX2_38,0.25,166,663,497,485,651,0,-12,12,0.02414486921529175,1,0.006144614541029514,0.012346505693463052,1.0857371813328558,1.0887636512581977,linear,NLinear,,initial_ref,48,16,6,initial,0.5414213211554184,1.3438997256049237
NLinear,1,CALCE,CX2_38,CALCE:CX2_38,0.5,332,663,331,303,635,0,-28,28,0.08459214501510574,1,0.01732764913531627,0.015521091109348184,1.0800594159103512,1.0887636512581977,linear,NLinear,,initial_ref,48,16,6,initial,0.5414213211554184,1.3438997256049237
NLinear,1,CALCE,CX2_38,CALCE:CX2_38,0.75,497,663,166,204,701,0,38,38,0.2289156626506024,0,0.005303614135472913,0.011657261778948848,1.1003956862296809,1.0887636512581977,linear,NLinear,,initial_ref,48,16,6,initial,0.5414213211554184,1.3438997256049237
NLinear,2,CALCE,CX2_38,CALCE:CX2_38,0.25,166,663,497,488,654,0,-9,9,0.018108651911468814,1,0.006078587159618599,0.012261675709929453,1.0863240348021033,1.0887636512581977,linear,NLinear,,initial_ref,48,16,6,initial,0.5414213211554184,1.3438997256049237
NLinear,2,CALCE,CX2_38,CALCE:CX2_38,0.5,332,663,331,306,638,0,-25,25,0.0755287009063444,1,0.017651144209868724,0.01519506751967663,1.0804090743301737,1.0887636512581977,linear,NLinear,,initial_ref,48,16,6,initial,0.5414213211554184,1.3438997256049237
NLinear,2,CALCE,CX2_38,CALCE:CX2_38,0.75,497,663,166,205,702,0,39,39,0.23493975903614459,0,0.0052888257489784925,0.012038175154832659,1.100858192072919,1.0887636512581977,linear,NLinear,,initial_ref,48,16,6,initial,0.5414213211554184,1.3438997256049237
NLinear,3,CALCE,CX2_38,CALCE:CX2_38,0.25,166,663,497,497,663,0,0,0,0.0,1,0.006312554679161488,0.01198187500312734,1.0889316334397363,1.0887636512581977,linear,NLinear,,initial_ref,48,16,6,initial,0.5414213211554184,1.3438997256049237
NLinear,3,CALCE,CX2_38,CALCE:CX2_38,0.5,332,663,331,309,641,0,-22,22,0.06646525679758308,1,0.017609267087214088,0.014640842876404499,1.0822165942859712,1.0887636512581977,linear,NLinear,,initial_ref,48,16,6,initial,0.5414213211554184,1.3438997256049237
NLinear,3,CALCE,CX2_38,CALCE:CX2_38,0.75,497,663,166,209,706,0,43,43,0.25903614457831325,0,0.005358061425786059,0.012181977004308049,1.1012249673544823,1.0887636512581977,linear,NLinear,,initial_ref,48,16,6,initial,0.5414213211554184,1.3438997256049237
NLinear,4,CALCE,CX2_38,CALCE:CX2_38,0.25,166,663,497,504,670,0,7,7,0.014084507042253521,1,0.006131351001194187,0.01187779922318469,1.0922294492782596,1.0887636512581977,linear,NLinear,,initial_ref,48,16,6,initial,0.5414213211554184,1.3438997256049237
NLinear,4,CALCE,CX2_38,CALCE:CX2_38,0.5,332,663,331,317,649,0,-14,14,0.04229607250755287,1,0.01772698062161989,0.01395922032933733,1.0842452246300576,1.0887636512581977,linear,NLinear,,initial_ref,48,16,6,initial,0.5414213211554184,1.3438997256049237
NLinear,4,CALCE,CX2_38,CALCE:CX2_38,0.75,497,663,166,212,709,0,46,46,0.27710843373493976,0,0.005567341342726346,0.012808215210644921,1.103307988161067,1.0887636512581977,linear,NLinear,,initial_ref,48,16,6,initial,0.5414213211554184,1.3438997256049237
DLinear,0,NASA,B0005,NASA:B0005,0.25,27,107,80,79,106,0,-1,1,0.0125,1,0.03924068797426366,0.03403769651453093,1.4654141954747106,1.4539012274845928,linear,DLinear,,initial_ref,16,8,3,initial,1.15381833159625,1.979626548250818
DLinear,0,NASA,B0005,NASA:B0005,0.5,54,107,53,65,119,0,12,12,0.22641509433962265,0,0.013103207959761807,0.039916796640758236,1.5096828413155667,1.4539012274845928,linear,DLinear,,initial_ref,16,8,3,initial,1.15381833159625,1.979626548250818
DLinear,0,NASA,B0005,NASA:B0005,0.75,80,107,27,28,108,0,1,1,0.037037037037037035,1,0.012400964996596325,0.01915634247634853,1.468848821986575,1.4539012274845928,linear,DLinear,,initial_ref,16,8,3,initial,1.15381833159625,1.979626548250818
DLinear,1,NASA,B0005,NASA:B0005,0.25,27,107,80,81,108,0,1,1,0.0125,1,0.039862714868345396,0.03204129830244589,1.4714648441381541,1.4539012274845928,linear,DLinear,,initial_ref,16,8,3,initial,1.15381833159625,1.979626548250818
DLinear,1,NASA,B0005,NASA:B0005,0.5,54,107,53,66,120,0,13,13,0.24528301886792453,0,0.012377404310776363,0.04199063712461311,1.5135944907209986,1.4539012274845928,linear,DLinear,,initial_ref,16,8,3,initial,1.15381833159625,1.979626548250818
DLinear,1,NASA,B0005,NASA:B0005,0.75,80,107,27,28,108,0,1,1,0.037037037037037035,1,0.012958741617356762,0.01949268217640002,1.4695802288208795,1.4539012274845928,linear,DLinear,,initial_ref,16,8,3,initial,1.15381833159625,1.979626548250818
DLinear,2,NASA,B0005,NASA:B0005,0.25,27,107,80,81,108,0,1,1,0.0125,1,0.039204111068700684,0.03176129881885319,1.4696439115410034,1.4539012274845928,linear,DLinear,,initial_ref,16,8,3,initial,1.15381833159625,1.979626548250818
DLinear,2,NASA,B0005,NASA:B0005,0.5,54,107,53,66,120,0,13,13,0.24528301886792453,0,0.012714384001772513,0.04235049224328409,1.5128301631584946,1.4539012274845928,linear,DLinear,,initial_ref,16,8,3,initial,1.15381833159625,1.979626548250818
DLinear,2,NASA,B0005,NASA:B0005,0.75,80,107,27,28,108,0,1,1,0.037037037037037035,1,0.012811999776469326,0.01938264974126021,1.4682919451252494,1.4539012274845928,linear,DLinear,,initial_ref,16,8,3,initial,1.15381833159625,1.979626548250818
DLinear,3,NASA,B0005,NASA:B0005,0.25,27,107,80,81,108,0,1,1,0.0125,1,0.036958044541369965,0.030914365441843002,1.4699550779555555,1.4539012274845928,linear,DLinear,,initial_ref,16,8,3,initial,1.15381833159625,1.979626548250818
DLinear,3,NASA,B0005,NASA:B0005,0.5,54,107,53,65,119,0,12,12,0.22641509433962265,0,0.013454236574841152,0.0418792720886417,1.5109445455708064,1.4539012274845928,linear,DLinear,,initial_ref,16,8,3,initial,1.15381833159625,1.979626548250818
DLinear,3,NASA,B0005,NASA:B0005,0.75,80,107,27,27,107,0,0,0,0.0,1,0.011601793034154626,0.019601610658049766,1.4661145897494874,1.4539012274845928,linear,DLinear,,initial_ref,16,8,3,initial,1.15381833159625,1.979626548250818
DLinear,4,NASA,B0005,NASA:B0005,0.25,27,107,80,78,105,0,-2,2,0.025,1,0.03968027347393669,0.03636810934247123,1.4586921798296217,1.4539012274845928,linear,DLinear,,initial_ref,16,8,3,initial,1.15381833159625,1.979626548250818
DLinear,4,NASA,B0005,NASA:B0005,0.5,54,107,53,63,117,0,10,10,0.18867924528301888,1,0.011593415289460816,0.03578791326322636,1.5029388335446725,1.4539012274845928,linear,DLinear,,initial_ref,16,8,3,initial,1.15381833159625,1.979626548250818
DLinear,4,NASA,B0005,NASA:B0005,0.75,80,107,27,27,107,0,0,0,0.0,1,0.012387379595500882,0.019632231473569628,1.4661763257520772,1.4539012274845928,linear,DLinear,,initial_ref,16,8,3,initial,1.15381833159625,1.979626548250818
NLinear,0,NASA,B0005,NASA:B0005,0.25,27,107,80,90,117,0,10,10,0.125,1,0.028537841527730683,0.03160055926949841,1.5038422261270599,1.4539012274845928,linear,NLinear,,initial_ref,16,8,3,initial,1.15381833159625,1.979626548250818
NLinear,0,NASA,B0005,NASA:B0005,0.5,54,107,53,72,126,0,19,19,0.3584905660377358,0,0.021082222327433234,0.0628393908735855,1.5376887919840296,1.4539012274845928,linear,NLinear,,initial_ref,16,8,3,initial,1.15381833159625,1.979626548250818
NLinear,0,NASA,B0005,NASA:B0005,0.75,80,107,27,27,107,0,0,0,0.0,1,0.013081519671414722,0.018829869997682776,1.4663882095723926,1.4539012274845928,linear,NLinear,,initial_ref,16,8,3,initial,1.15381833159625,1.979626548250818
NLinear,1,NASA,B0005,NASA:B0005,0.25,27,107,80,94,121,0,14,14,0.175,1,0.028969314215807507,0.03782554382044076,1.5206452317873083,1.4539012274845928,linear,NLinear,,initial_ref,16,8,3,initial,1.15381833159625,1.979626548250818
NLinear,1,NASA,B0005,NASA:B0005,0.5,54,107,53,73,127,0,20,20,0.37735849056603776,0,0.02355203714282432,0.06283078025013258,1.541700764802974,1.4539012274845928,linear,NLinear,,initial_ref,16,8,3,initial,1.15381833159625,1.979626548250818
NLinear,1,NASA,B0005,NASA:B0005,0.75,80,107,27,27,107,0,0,0,0.0,1,0.011713889650170005,0.019853601447262986,1.4667909295343384,1.4539012274845928,linear,NLinear,,initial_ref,16,8,3,initial,1.15381833159625,1.979626548250818
NLinear,2,NASA,B0005,NASA:B0005,0.25,27,107,80,94,121,0,14,14,0.175,1,0.02998817687430281,0.039281013332422336,1.5218935692246283,1.4539012274845928,linear,NLinear,,initial_ref,16,8,3,initial,1.15381833159625,1.979626548250818
NLinear,2,NASA,B0005,NASA:B0005,0.5,54,107,53,73,127,0,20,20,0.37735849056603776,0,0.0213837226449483,0.0622437567534973,1.5387471509919002,1.4539012274845928,linear,NLinear,,initial_ref,16,8,3,initial,1.15381833159625,1.979626548250818
NLinear,2,NASA,B0005,NASA:B0005,0.75,80,107,27,26,106,0,-1,1,0.037037037037037035,1,0.011224234171603703,0.020075371805270966,1.4649674719867227,1.4539012274845928,linear,NLinear,,initial_ref,16,8,3,initial,1.15381833159625,1.979626548250818
NLinear,3,NASA,B0005,NASA:B0005,0.25,27,107,80,88,115,0,8,8,0.1,1,0.02996939410109244,0.02944008574909604,1.4974444642351925,1.4539012274845928,linear,NLinear,,initial_ref,16,8,3,initial,1.15381833159625,1.979626548250818
NLinear,3,NASA,B0005,NASA:B0005,0.5,54,107,53,70,124,0,17,17,0.32075471698113206,0,0.02029758364424754,0.056452705868972566,1.5308692284434968,1.4539012274845928,linear,NLinear,,initial_ref,16,8,3,initial,1.15381833159625,1.979626548250818
NLinear,3,NASA,B0005,NASA:B0005,0.75,80,107,27,26,106,0,-1,1,0.037037037037037035,1,0.012227672242208028,0.019854575587791225,1.466155682836444,1.4539012274845928,linear,NLinear,,initial_ref,16,8,3,initial,1.15381833159625,1.979626548250818
NLinear,4,NASA,B0005,NASA:B0005,0.25,27,107,80,87,114,0,7,7,0.0875,1,0.02762188182149352,0.029163537671013758,1.4961405297015657,1.4539012274845928,linear,NLinear,,initial_ref,16,8,3,initial,1.15381833159625,1.979626548250818
NLinear,4,NASA,B0005,NASA:B0005,0.5,54,107,53,70,124,0,17,17,0.32075471698113206,0,0.020842336379559755,0.06020209364393205,1.534206547990305,1.4539012274845928,linear,NLinear,,initial_ref,16,8,3,initial,1.15381833159625,1.979626548250818
NLinear,4,NASA,B0005,NASA:B0005,0.75,80,107,27,26,106,0,-1,1,0.037037037037037035,1,0.011838898621940326,0.019555378013552886,1.4637149038117916,1.4539012274845928,linear,NLinear,,initial_ref,16,8,3,initial,1.15381833159625,1.979626548250818
DLinear,0,NASA,B0006,NASA:B0006,0.25,16,62,46,83,99,0,37,37,0.8043478260869565,0,0.05741339834043475,0.07200476231418672,1.747850492863931,1.6035244898969248,linear,DLinear,,initial_ref,16,8,3,initial,1.2874525221379407,1.8834677437950846
DLinear,0,NASA,B0006,NASA:B0006,0.5,31,62,31,71,102,0,40,40,1.2903225806451613,0,0.05806269286588637,0.09438646624124056,1.7627905470853813,1.6035244898969248,linear,DLinear,,initial_ref,16,8,3,initial,1.2874525221379407,1.8834677437950846
DLinear,0,NASA,B0006,NASA:B0006,0.75,46,62,16,35,81,0,19,19,1.1875,0,0.04658583208089468,0.05026356049288363,1.677232759592148,1.6035244898969248,linear,DLinear,,initial_ref,16,8,3,initial,1.2874525221379407,1.8834677437950846
DLinear,1,NASA,B0006,NASA:B0006,0.25,16,62,46,80,96,0,34,34,0.7391304347826086,0,0.06965336162732101,0.05905371812765031,1.7213208531916997,1.6035244898969248,linear,DLinear,,initial_ref,16,8,3,initial,1.2874525221379407,1.8834677437950846
DLinear,1,NASA,B0006,NASA:B0006,0.5,31,62,31,80,111,0,49,49,1.5806451612903225,0,0.05739561710029845,0.10210134647803457,1.776513033474969,1.6035244898969248,linear,DLinear,,initial_ref,16,8,3,initial,1.2874525221379407,1.8834677437950846
DLinear,1,NASA,B0006,NASA:B0006,0.75,46,62,16,28,74,0,12,12,0.75,0,0.06378873070697591,0.05219932717466224,1.6404242437682641,1.6035244898969248,linear,DLinear,,initial_ref,16,8,3,initial,1.2874525221379407,1.8834677437950846
DLinear,2,NASA,B0006,NASA:B0006,0.25,16,62,46,73,89,0,27,27,0.5869565217391305,0,0.05765597308795626,0.05392480427962182,1.7132606819747067,1.6035244898969248,linear,DLinear,,initial_ref,16,8,3,initial,1.2874525221379407,1.8834677437950846
DLinear,2,NASA,B0006,NASA:B0006,0.5,31,62,31,70,101,0,39,39,1.2580645161290323,0,0.06081578609100123,0.09587649428728459,1.7643178598567362,1.6035244898969248,linear,DLinear,,initial_ref,16,8,3,initial,1.2874525221379407,1.8834677437950846
DLinear,2,NASA,B0006,NASA:B0006,0.75,46,62,16,29,75,0,13,13,0.8125,0,0.05711558257916753,0.047279380384729,1.6519819622187635,1.6035244898969248,linear,DLinear,,initial_ref,16,8,3,initial,1.2874525221379407,1.8834677437950846
DLinear,3,NASA,B0006,NASA:B0006,0.25,16,62,46,94,110,0,48,48,1.0434782608695652,0,0.046723605985401484,0.0773832683314384,1.7547585001001802,1.6035244898969248,linear,DLinear,,initial_ref,16,8,3,initial,1.2874525221379407,1.8834677437950846
DLinear,3,NASA,B0006,NASA:B0006,0.5,31,62,31,79,110,0,48,48,1.5483870967741935,0,0.05552714492313938,0.09778492610705089,1.7647892923949708,1.6035244898969248,linear,DLinear,,initial_ref,16,8,3,initial,1.2874525221379407,1.8834677437950846
DLinear,3,NASA,B0006,NASA:B0006,0.75,46,62,16,38,84,0,22,22,1.375,0,0.051073176610845455,0.05491754120686554,1.682952038878565,1.6035244898969248,linear,DLinear,,initial_ref,16,8,3,initial,1.2874525221379407,1.8834677437950846
DLinear,4,NASA,B0006,NASA:B0006,0.25,16,62,46,87,103,0,41,41,0.8913043478260869,0,0.058105109638614955,0.07747772521170546,1.7572469311420222,1.6035244898969248,linear,DLinear,,initial_ref,16,8,3,initial,1.2874525221379407,1.8834677437950846
DLinear,4,NASA,B0006,NASA:B0006,0.5,31,62,31,71,102,0,40,40,1.2903225806451613,0,0.042869817933414434,0.08486695974564154,1.7567110407271216,1.6035244898969248,linear,DLinear,,initial_ref,16,8,3,initial,1.2874525221379407,1.8834677437950846
DLinear,4,NASA,B0006,NASA:B0006,0.75,46,62,16,39,85,0,23,23,1.4375,0,0.04811301241594239,0.052069792156045513,1.6686335207199707,1.6035244898969248,linear,DLinear,,initial_ref,16,8,3,initial,1.2874525221379407,1.8834677437950846
NLinear,0,NASA,B0006,NASA:B0006,0.25,16,62,46,82,98,0,36,36,0.782608695652174,0,0.054708288817291194,0.06463735879133604,1.7416732385541112,1.6035244898969248,linear,NLinear,,initial_ref,16,8,3,initial,1.2874525221379407,1.8834677437950846
NLinear,0,NASA,B0006,NASA:B0006,0.5,31,62,31,78,109,0,47,47,1.5161290322580645,0,0.06497837614095812,0.10483109639596268,1.7803605665786273,1.6035244898969248,linear,NLinear,,initial_ref,16,8,3,initial,1.2874525221379407,1.8834677437950846
NLinear,0,NASA,B0006,NASA:B0006,0.75,46,62,16,32,78,0,16,16,1.0,0,0.058851462749288985,0.051393559223265474,1.665682896842544,1.6035244898969248,linear,NLinear,,initial_ref,16,8,3,initial,1.2874525221379407,1.8834677437950846
NLinear,1,NASA,B0006,NASA:B0006,0.25,16,62,46,83,99,0,37,37,0.8043478260869565,0,0.060766328396027594,0.06347500522675102,1.7391208349616272,1.6035244898969248,linear,NLinear,,initial_ref,16,8,3,initial,1.2874525221379407,1.8834677437950846
NLinear,1,NASA,B0006,NASA:B0006,0.5,31,62,31,85,116,0,54,54,1.7419354838709677,0,0.07084655906277308,0.11608181182487695,1.7955082827572542,1.6035244898969248,linear,NLinear,,initial_ref,16,8,3,initial,1.2874525221379407,1.8834677437950846
NLinear,1,NASA,B0006,NASA:B0006,0.75,46,62,16,31,77,0,15,15,0.9375,0,0.060435466504616675,0.05006394506681209,1.6653323372183215,1.6035244898969248,linear,NLinear,,initial_ref,16,8,3,initial,1.2874525221379407,1.8834677437950846
NLinear,2,NASA,B0006,NASA:B0006,0.25,16,62,46,78,94,0,32,32,0.6956521739130435,0,0.061140302416496886,0.057420968651235756,1.7235634378119085,1.6035244898969248,linear,NLinear,,initial_ref,16,8,3,initial,1.2874525221379407,1.8834677437950846
NLinear,2,NASA,B0006,NASA:B0006,0.5,31,62,31,93,124,0,62,62,2.0,0,0.07134905650100148,0.12918671056923578,1.812084519070845,1.6035244898969248,linear,NLinear,,initial_ref,16,8,3,initial,1.2874525221379407,1.8834677437950846
NLinear,2,NASA,B0006,NASA:B0006,0.75,46,62,16,24,70,0,8,8,0.5,0,0.057631332513490924,0.04453152919520394,1.6446504668973354,1.6035244898969248,linear,NLinear,,initial_ref,16,8,3,initial,1.2874525221379407,1.8834677437950846
NLinear,3,NASA,B0006,NASA:B0006,0.25,16,62,46,82,98,0,36,36,0.782608695652174,0,0.05698385225483124,0.0635379805370853,1.7384122589667301,1.6035244898969248,linear,NLinear,,initial_ref,16,8,3,initial,1.2874525221379407,1.8834677437950846
NLinear,3,NASA,B0006,NASA:B0006,0.5,31,62,31,80,111,0,49,49,1.5806451612903225,0,0.0698387921045332,0.11079821522459728,1.7873914106541129,1.6035244898969248,linear,NLinear,,initial_ref,16,8,3,initial,1.2874525221379407,1.8834677437950846
NLinear,3,NASA,B0006,NASA:B0006,0.75,46,62,16,31,77,0,15,15,0.9375,0,0.06241695284263267,0.05169071625510127,1.6613260634319893,1.6035244898969248,linear,NLinear,,initial_ref,16,8,3,initial,1.2874525221379407,1.8834677437950846
NLinear,4,NASA,B0006,NASA:B0006,0.25,16,62,46,82,98,0,36,36,0.782608695652174,0,0.05557623900527282,0.06423565064978833,1.7396263966129664,1.6035244898969248,linear,NLinear,,initial_ref,16,8,3,initial,1.2874525221379407,1.8834677437950846
NLinear,4,NASA,B0006,NASA:B0006,0.5,31,62,31,77,108,0,46,46,1.4838709677419355,0,0.06269074204231459,0.10265572130255719,1.7764497765745655,1.6035244898969248,linear,NLinear,,initial_ref,16,8,3,initial,1.2874525221379407,1.8834677437950846
NLinear,4,NASA,B0006,NASA:B0006,0.75,46,62,16,31,77,0,15,15,0.9375,0,0.05759676754997874,0.049629235766927245,1.6604824886567318,1.6035244898969248,linear,NLinear,,initial_ref,16,8,3,initial,1.2874525221379407,1.8834677437950846
DLinear,0,NASA,B0007,NASA:B0007,0.25,31,125,94,74,105,0,-20,20,0.2127659574468085,0,0.0037069424905490297,0.03533227740293892,1.481259141193911,1.5031960676037333,linear,DLinear,,initial_ref,16,8,3,initial,1.15381833159625,1.979626548250818
DLinear,0,NASA,B0007,NASA:B0007,0.5,62,125,63,48,110,0,-15,15,0.23809523809523808,0,0.006243460666823758,0.03380807906522997,1.4464364402659164,1.5031960676037333,linear,DLinear,,initial_ref,16,8,3,initial,1.15381833159625,1.979626548250818
DLinear,0,NASA,B0007,NASA:B0007,0.75,94,125,31,22,116,0,-9,9,0.2903225806451613,0,0.0031627734782539337,0.021958134439141713,1.4691535698865301,1.5031960676037333,linear,DLinear,,initial_ref,16,8,3,initial,1.15381833159625,1.979626548250818
DLinear,1,NASA,B0007,NASA:B0007,0.25,31,125,94,75,106,0,-19,19,0.20212765957446807,0,0.009159420688499991,0.033227001028944846,1.4834017714798804,1.5031960676037333,linear,DLinear,,initial_ref,16,8,3,initial,1.15381833159625,1.979626548250818
DLinear,1,NASA,B0007,NASA:B0007,0.5,62,125,63,49,111,0,-14,14,0.2222222222222222,0,0.008402388133419213,0.03264904160309531,1.4463521094353633,1.5031960676037333,linear,DLinear,,initial_ref,16,8,3,initial,1.15381833159625,1.979626548250818
DLinear,1,NASA,B0007,NASA:B0007,0.75,94,125,31,22,116,0,-9,9,0.2903225806451613,0,0.0059999075926843075,0.02410173422187337,1.4653763914035283,1.5031960676037333,linear,DLinear,,initial_ref,16,8,3,initial,1.15381833159625,1.979626548250818
DLinear,2,NASA,B0007,NASA:B0007,0.25,31,125,94,75,106,0,-19,19,0.20212765957446807,0,0.006044150647151137,0.03235111712577139,1.4850514460220663,1.5031960676037333,linear,DLinear,,initial_ref,16,8,3,initial,1.15381833159625,1.979626548250818
DLinear,2,NASA,B0007,NASA:B0007,0.5,62,125,63,49,111,0,-14,14,0.2222222222222222,0,0.007531289197649446,0.03323156874647371,1.4477288981089842,1.5031960676037333,linear,DLinear,,initial_ref,16,8,3,initial,1.15381833159625,1.979626548250818
DLinear,2,NASA,B0007,NASA:B0007,0.75,94,125,31,24,118,0,-7,7,0.22580645161290322,0,0.004728774614757025,0.02021568587477084,1.4722532570401716,1.5031960676037333,linear,DLinear,,initial_ref,16,8,3,initial,1.15381833159625,1.979626548250818
DLinear,3,NASA,B0007,NASA:B0007,0.25,31,125,94,75,106,0,-19,19,0.20212765957446807,0,0.006795412459648183,0.03294210112883475,1.4861312029860465,1.5031960676037333,linear,DLinear,,initial_ref,16,8,3,initial,1.15381833159625,1.979626548250818
DLinear,3,NASA,B0007,NASA:B0007,0.5,62,125,63,49,111,0,-14,14,0.2222222222222222,0,0.00767395537554521,0.032299138877121075,1.4499465678825596,1.5031960676037333,linear,DLinear,,initial_ref,16,8,3,initial,1.15381833159625,1.979626548250818
DLinear,3,NASA,B0007,NASA:B0007,0.75,94,125,31,23,117,0,-8,8,0.25806451612903225,0,0.004971563856368828,0.020816675061809748,1.4724591131995335,1.5031960676037333,linear,DLinear,,initial_ref,16,8,3,initial,1.15381833159625,1.979626548250818
DLinear,4,NASA,B0007,NASA:B0007,0.25,31,125,94,77,108,0,-17,17,0.18085106382978725,1,0.005424938393849144,0.031141789094207714,1.4599999368749326,1.5031960676037333,linear,DLinear,,initial_ref,16,8,3,initial,1.15381833159625,1.979626548250818
DLinear,4,NASA,B0007,NASA:B0007,0.5,62,125,63,49,111,0,-14,14,0.2222222222222222,0,0.007735288101555234,0.031199457184448512,1.450195890439387,1.5031960676037333,linear,DLinear,,initial_ref,16,8,3,initial,1.15381833159625,1.979626548250818
DLinear,4,NASA,B0007,NASA:B0007,0.75,94,125,31,23,117,0,-8,8,0.25806451612903225,0,0.0019895409972602164,0.019140069576454925,1.4724525500356545,1.5031960676037333,linear,DLinear,,initial_ref,16,8,3,initial,1.15381833159625,1.979626548250818
NLinear,0,NASA,B0007,NASA:B0007,0.25,31,125,94,89,120,0,-5,5,0.05319148936170213,1,0.013953105835569194,0.023864937687315856,1.4805793682913087,1.5031960676037333,linear,NLinear,,initial_ref,16,8,3,initial,1.15381833159625,1.979626548250818
NLinear,0,NASA,B0007,NASA:B0007,0.5,62,125,63,54,116,0,-9,9,0.14285714285714285,1,0.013654249047179646,0.02405409343955402,1.4673620591592704,1.5031960676037333,linear,NLinear,,initial_ref,16,8,3,initial,1.15381833159625,1.979626548250818
NLinear,0,NASA,B0007,NASA:B0007,0.75,94,125,31,22,116,0,-9,9,0.2903225806451613,0,0.00760431319274977,0.02307726004189364,1.4647660365804163,1.5031960676037333,linear,NLinear,,initial_ref,16,8,3,initial,1.15381833159625,1.979626548250818
NLinear,1,NASA,B0007,NASA:B0007,0.25,31,125,94,102,133,0,8,8,0.0851063829787234,1,0.019793254549680454,0.048755815553339965,1.5309698648140677,1.5031960676037333,linear,NLinear,,initial_ref,16,8,3,initial,1.15381833159625,1.979626548250818
NLinear,1,NASA,B0007,NASA:B0007,0.5,62,125,63,57,119,0,-6,6,0.09523809523809523,1,0.01051753836131415,0.01949852135767568,1.479617544391884,1.5031960676037333,linear,NLinear,,initial_ref,16,8,3,initial,1.15381833159625,1.979626548250818
NLinear,1,NASA,B0007,NASA:B0007,0.75,94,125,31,28,122,0,-3,3,0.0967741935483871,1,0.007550483351265133,0.011591342081810816,1.4967038289218308,1.5031960676037333,linear,NLinear,,initial_ref,16,8,3,initial,1.15381833159625,1.979626548250818
NLinear,2,NASA,B0007,NASA:B0007,0.25,31,125,94,99,130,0,5,5,0.05319148936170213,1,0.015898958934167075,0.0456061737701004,1.522057962060254,1.5031960676037333,linear,NLinear,,initial_ref,16,8,3,initial,1.15381833159625,1.979626548250818
NLinear,2,NASA,B0007,NASA:B0007,0.5,62,125,63,53,115,0,-10,10,0.15873015873015872,1,0.01037563412927985,0.023079731318036645,1.466324409357633,1.5031960676037333,linear,NLinear,,initial_ref,16,8,3,initial,1.15381833159625,1.979626548250818
NLinear,2,NASA,B0007,NASA:B0007,0.75,94,125,31,29,123,0,-2,2,0.06451612903225806,1,0.014472107196135668,0.013486662834280818,1.4988293231364294,1.5031960676037333,linear,NLinear,,initial_ref,16,8,3,initial,1.15381833159625,1.979626548250818
NLinear,3,NASA,B0007,NASA:B0007,0.25,31,125,94,87,118,0,-7,7,0.07446808510638298,1,0.013123009027680117,0.02336079510221018,1.4739012422472764,1.5031960676037333,linear,NLinear,,initial_ref,16,8,3,initial,1.15381833159625,1.979626548250818
NLinear,3,NASA,B0007,NASA:B0007,0.5,62,125,63,52,114,0,-11,11,0.1746031746031746,1,0.012956056898397041,0.02614691787936282,1.4566151501542646,1.5031960676037333,linear,NLinear,,initial_ref,16,8,3,initial,1.15381833159625,1.979626548250818
NLinear,3,NASA,B0007,NASA:B0007,0.75,94,125,31,22,116,0,-9,9,0.2903225806451613,0,0.00775893716599525,0.020771572203691087,1.4680326863512603,1.5031960676037333,linear,NLinear,,initial_ref,16,8,3,initial,1.15381833159625,1.979626548250818
NLinear,4,NASA,B0007,NASA:B0007,0.25,31,125,94,87,118,0,-7,7,0.07446808510638298,1,0.012960172304001373,0.023632956793861286,1.4722816553454179,1.5031960676037333,linear,NLinear,,initial_ref,16,8,3,initial,1.15381833159625,1.979626548250818
NLinear,4,NASA,B0007,NASA:B0007,0.5,62,125,63,53,115,0,-10,10,0.15873015873015872,1,0.013802039231641023,0.02451253917758365,1.4628415538228485,1.5031960676037333,linear,NLinear,,initial_ref,16,8,3,initial,1.15381833159625,1.979626548250818
NLinear,4,NASA,B0007,NASA:B0007,0.75,94,125,31,23,117,0,-8,8,0.25806451612903225,0,0.009893161006958353,0.022689797530387787,1.4639331361323977,1.5031960676037333,linear,NLinear,,initial_ref,16,8,3,initial,1.15381833159625,1.979626548250818
DLinear,0,NASA,B0018,NASA:B0018,0.25,20,78,58,69,89,0,11,11,0.1896551724137931,1,0.02055527480224832,0.03584038641561778,1.509691219608244,1.46801928526661,linear,DLinear,,initial_ref,16,8,3,initial,1.15381833159625,1.979626548250818
DLinear,0,NASA,B0018,NASA:B0018,0.5,39,78,39,38,77,0,-1,1,0.02564102564102564,1,0.0714693715589236,0.06001611884027623,1.4652781141447815,1.46801928526661,linear,DLinear,,initial_ref,16,8,3,initial,1.15381833159625,1.979626548250818
DLinear,0,NASA,B0018,NASA:B0018,0.75,58,78,20,42,100,0,22,22,1.1,0,0.05416228690395372,0.07000184387500874,1.5540083721392968,1.46801928526661,linear,DLinear,,initial_ref,16,8,3,initial,1.15381833159625,1.979626548250818
DLinear,1,NASA,B0018,NASA:B0018,0.25,20,78,58,68,88,0,10,10,0.1724137931034483,1,0.01991310923296727,0.035256789265790324,1.5063865842138533,1.46801928526661,linear,DLinear,,initial_ref,16,8,3,initial,1.15381833159625,1.979626548250818
DLinear,1,NASA,B0018,NASA:B0018,0.5,39,78,39,37,76,0,-2,2,0.05128205128205128,1,0.07132254629400671,0.06171928515206665,1.462274049260887,1.46801928526661,linear,DLinear,,initial_ref,16,8,3,initial,1.15381833159625,1.979626548250818
DLinear,1,NASA,B0018,NASA:B0018,0.75,58,78,20,42,100,0,22,22,1.1,0,0.054281606472361285,0.07165274885922633,1.5572506205538241,1.46801928526661,linear,DLinear,,initial_ref,16,8,3,initial,1.15381833159625,1.979626548250818
DLinear,2,NASA,B0018,NASA:B0018,0.25,20,78,58,67,87,0,9,9,0.15517241379310345,1,0.020994234407560097,0.03537151030070673,1.504493027097966,1.46801928526661,linear,DLinear,,initial_ref,16,8,3,initial,1.15381833159625,1.979626548250818
DLinear,2,NASA,B0018,NASA:B0018,0.5,39,78,39,38,77,0,-1,1,0.02564102564102564,1,0.07135661225083373,0.060153745771998404,1.4635044298518616,1.46801928526661,linear,DLinear,,initial_ref,16,8,3,initial,1.15381833159625,1.979626548250818
DLinear,2,NASA,B0018,NASA:B0018,0.75,58,78,20,42,100,0,22,22,1.1,0,0.0535508997389409,0.07062549705113048,1.5551958238491355,1.46801928526661,linear,DLinear,,initial_ref,16,8,3,initial,1.15381833159625,1.979626548250818
DLinear,3,NASA,B0018,NASA:B0018,0.25,20,78,58,68,88,0,10,10,0.1724137931034483,1,0.020058512659172932,0.035721969971887105,1.5096085934720025,1.46801928526661,linear,DLinear,,initial_ref,16,8,3,initial,1.15381833159625,1.979626548250818
DLinear,3,NASA,B0018,NASA:B0018,0.5,39,78,39,38,77,0,-1,1,0.02564102564102564,1,0.07195439433674615,0.059966014535173896,1.4655456068637633,1.46801928526661,linear,DLinear,,initial_ref,16,8,3,initial,1.15381833159625,1.979626548250818
DLinear,3,NASA,B0018,NASA:B0018,0.75,58,78,20,43,101,0,23,23,1.15,0,0.05256246880416165,0.07017017458873424,1.555223854055581,1.46801928526661,linear,DLinear,,initial_ref,16,8,3,initial,1.15381833159625,1.979626548250818
DLinear,4,NASA,B0018,NASA:B0018,0.25,20,78,58,68,88,0,10,10,0.1724137931034483,1,0.019521493998870345,0.03547913785036942,1.506789961437645,1.46801928526661,linear,DLinear,,initial_ref,16,8,3,initial,1.15381833159625,1.979626548250818
DLinear,4,NASA,B0018,NASA:B0018,0.5,39,78,39,38,77,0,-1,1,0.02564102564102564,1,0.07355883193583349,0.06223606136645777,1.4639928837802745,1.46801928526661,linear,DLinear,,initial_ref,16,8,3,initial,1.15381833159625,1.979626548250818
DLinear,4,NASA,B0018,NASA:B0018,0.75,58,78,20,42,100,0,22,22,1.1,0,0.05308930101340144,0.06946085130016261,1.5536941819360135,1.46801928526661,linear,DLinear,,initial_ref,16,8,3,initial,1.15381833159625,1.979626548250818
NLinear,0,NASA,B0018,NASA:B0018,0.25,20,78,58,70,90,0,12,12,0.20689655172413793,0,0.019483783087049907,0.03638712385132253,1.5150395899783429,1.46801928526661,linear,NLinear,,initial_ref,16,8,3,initial,1.15381833159625,1.979626548250818
NLinear,0,NASA,B0018,NASA:B0018,0.5,39,78,39,38,77,0,-1,1,0.02564102564102564,1,0.07235568422606731,0.05938456582232637,1.4665267129054627,1.46801928526661,linear,NLinear,,initial_ref,16,8,3,initial,1.15381833159625,1.979626548250818
NLinear,0,NASA,B0018,NASA:B0018,0.75,58,78,20,40,98,0,20,20,1.0,0,0.05370556006245454,0.06442737403817018,1.5521183883621623,1.46801928526661,linear,NLinear,,initial_ref,16,8,3,initial,1.15381833159625,1.979626548250818
NLinear,1,NASA,B0018,NASA:B0018,0.25,20,78,58,73,93,0,15,15,0.25862068965517243,0,0.018359543227681182,0.03856591369839321,1.5263251407918699,1.46801928526661,linear,NLinear,,initial_ref,16,8,3,initial,1.15381833159625,1.979626548250818
NLinear,1,NASA,B0018,NASA:B0018,0.5,39,78,39,36,75,0,-3,3,0.07692307692307693,1,0.07685867322086162,0.06628991852600931,1.4590310197887086,1.46801928526661,linear,NLinear,,initial_ref,16,8,3,initial,1.15381833159625,1.979626548250818
NLinear,1,NASA,B0018,NASA:B0018,0.75,58,78,20,47,105,0,27,27,1.35,0,0.060075312718264245,0.07945420498815536,1.569334646603836,1.46801928526661,linear,NLinear,,initial_ref,16,8,3,initial,1.15381833159625,1.979626548250818
NLinear,2,NASA,B0018,NASA:B0018,0.25,20,78,58,73,93,0,15,15,0.25862068965517243,0,0.018467874717259573,0.03750893802609084,1.5225607943906183,1.46801928526661,linear,NLinear,,initial_ref,16,8,3,initial,1.15381833159625,1.979626548250818
NLinear,2,NASA,B0018,NASA:B0018,0.5,39,78,39,35,74,0,-4,4,0.10256410256410256,1,0.07357463056575145,0.06507707261429373,1.4528367054033935,1.46801928526661,linear,NLinear,,initial_ref,16,8,3,initial,1.15381833159625,1.979626548250818
NLinear,2,NASA,B0018,NASA:B0018,0.75,58,78,20,47,105,0,27,27,1.35,0,0.055564371727744845,0.07477303840720845,1.5657012835706352,1.46801928526661,linear,NLinear,,initial_ref,16,8,3,initial,1.15381833159625,1.979626548250818
NLinear,3,NASA,B0018,NASA:B0018,0.25,20,78,58,69,89,0,11,11,0.1896551724137931,1,0.019563665752589048,0.03598084417350537,1.5136786751274665,1.46801928526661,linear,NLinear,,initial_ref,16,8,3,initial,1.15381833159625,1.979626548250818
NLinear,3,NASA,B0018,NASA:B0018,0.5,39,78,39,36,75,0,-3,3,0.07692307692307693,1,0.07151103979451544,0.06323453897545317,1.4563318407588313,1.46801928526661,linear,NLinear,,initial_ref,16,8,3,initial,1.15381833159625,1.979626548250818
NLinear,3,NASA,B0018,NASA:B0018,0.75,58,78,20,46,104,0,26,26,1.3,0,0.06281215735854831,0.0777791916779826,1.5646953691853,1.46801928526661,linear,NLinear,,initial_ref,16,8,3,initial,1.15381833159625,1.979626548250818
NLinear,4,NASA,B0018,NASA:B0018,0.25,20,78,58,72,92,0,14,14,0.2413793103448276,0,0.01864141558439081,0.038107060347642316,1.522731309039024,1.46801928526661,linear,NLinear,,initial_ref,16,8,3,initial,1.15381833159625,1.979626548250818
NLinear,4,NASA,B0018,NASA:B0018,0.5,39,78,39,38,77,0,-1,1,0.02564102564102564,1,0.07118375046783514,0.05972671261563902,1.466082818316032,1.46801928526661,linear,NLinear,,initial_ref,16,8,3,initial,1.15381833159625,1.979626548250818
NLinear,4,NASA,B0018,NASA:B0018,0.75,58,78,20,43,101,0,23,23,1.15,0,0.05447610844080141,0.0719904294560809,1.55975263134296,1.46801928526661,linear,NLinear,,initial_ref,16,8,3,initial,1.15381833159625,1.979626548250818
