model,family,base_model,target_mode,arm,input_len,horizon,n_train_cells,reference,train_target_min_Ah,train_target_max_Ah,seed,fold,dataset,test_cell,n_train_windows,n_removed_by_range,train_seconds,rollout_seconds,infer_seconds_per_window,n_params,n_tree_nodes,best_epoch,epochs_run
DLinear,linear,DLinear,,full_range,48,16,6,rated,0.19141566424911982,1.3438997256049237,0,CALCE:CX2_16,CALCE,CX2_16,10027,0,3.558091599999898,0.016454099999464233,2.7953125041335625e-06,1568,-1,70.0,100.0
DLinear,linear,DLinear,,full_range,48,16,6,rated,0.19141566424911982,1.3438997256049237,1,CALCE:CX2_16,CALCE,CX2_16,10027,0,2.3463049000001774,0.007729900000413181,3.2214843699307494e-06,1568,-1,34.0,64.0
DLinear,linear,DLinear,,full_range,48,16,6,rated,0.19141566424911982,1.3438997256049237,2,CALCE:CX2_16,CALCE,CX2_16,10027,0,1.9884671999989223,0.008422800001426367,2.6093750022937456e-06,1568,-1,32.0,62.0
DLinear,linear,DLinear,,full_range,48,16,6,rated,0.19141566424911982,1.3438997256049237,3,CALCE:CX2_16,CALCE,CX2_16,10027,0,4.320820099999764,0.008571000000301865,1.9421874952740836e-06,1568,-1,100.0,130.0
DLinear,linear,DLinear,,full_range,48,16,6,rated,0.19141566424911982,1.3438997256049237,4,CALCE:CX2_16,CALCE,CX2_16,10027,0,1.62564040000143,0.006460500000684988,2.0687499997507075e-06,1568,-1,20.0,50.0
NLinear,linear,NLinear,,full_range,48,16,6,rated,0.19141566424911982,1.3438997256049237,0,CALCE:CX2_16,CALCE,CX2_16,10027,0,0.7485252999995282,0.002503199999409844,7.722656221176294e-07,784,-1,13.0,43.0
NLinear,linear,NLinear,,full_range,48,16,6,rated,0.19141566424911982,1.3438997256049237,1,CALCE:CX2_16,CALCE,CX2_16,10027,0,1.4218242000006285,0.0021732999994128477,8.882812494448444e-07,784,-1,51.0,81.0
NLinear,linear,NLinear,,full_range,48,16,6,rated,0.19141566424911982,1.3438997256049237,2,CALCE:CX2_16,CALCE,CX2_16,10027,0,0.6564445000003616,0.0026889000000664964,5.992187510628355e-07,784,-1,11.0,41.0
NLinear,linear,NLinear,,full_range,48,16,6,rated,0.19141566424911982,1.3438997256049237,3,CALCE:CX2_16,CALCE,CX2_16,10027,0,1.0855128999992303,0.00237599999854865,9.410156209810339e-07,784,-1,33.0,63.0
NLinear,linear,NLinear,,full_range,48,16,6,rated,0.19141566424911982,1.3438997256049237,4,CALCE:CX2_16,CALCE,CX2_16,10027,0,1.9545327000014368,0.0025920000007317867,9.304687509370524e-07,784,-1,65.0,95.0
Linear,linear,Linear,,full_range,48,16,6,rated,0.19141566424911982,1.3438997256049237,0,CALCE:CX2_16,CALCE,CX2_16,10027,0,2.861190899999201,0.003926599998521851,8.328124962986294e-07,784,-1,138.0,168.0
Linear,linear,Linear,,full_range,48,16,6,rated,0.19141566424911982,1.3438997256049237,1,CALCE:CX2_16,CALCE,CX2_16,10027,0,1.2249944000013784,0.0031048000000737375,7.785156199702215e-07,784,-1,46.0,76.0
Linear,linear,Linear,,full_range,48,16,6,rated,0.19141566424911982,1.3438997256049237,2,CALCE:CX2_16,CALCE,CX2_16,10027,0,2.532606399998258,0.0030786000006628456,1.3855468736778676e-06,784,-1,131.0,161.0
Linear,linear,Linear,,full_range,48,16,6,rated,0.19141566424911982,1.3438997256049237,3,CALCE:CX2_16,CALCE,CX2_16,10027,0,2.662446500000442,0.0037981999994372018,1.0851562493030542e-06,784,-1,132.0,162.0
Linear,linear,Linear,,full_range,48,16,6,rated,0.19141566424911982,1.3438997256049237,4,CALCE:CX2_16,CALCE,CX2_16,10027,0,2.0266332999999577,0.003434199999901466,8.722656232862391e-07,784,-1,92.0,122.0
Persistence,baseline,Persistence,,full_range,48,16,6,rated,0.19141566424911982,1.3438997256049237,0,CALCE:CX2_16,CALCE,CX2_16,10027,0,0.0,0.0019489999995130347,1.835937482042027e-07,0,-1,,
LinearTrend,baseline,LinearTrend,,full_range,48,16,6,rated,0.19141566424911982,1.3438997256049237,0,CALCE:CX2_16,CALCE,CX2_16,10027,0,0.0,0.0046392000003834255,5.273437508890311e-07,0,-1,,
DLinear,linear,DLinear,,full_range,48,16,6,rated,0.19141566424911982,1.3438997256049237,0,CALCE:CX2_33,CALCE,CX2_33,10346,0,4.075836100000743,0.01258629999938421,3.0242187492035555e-06,1568,-1,80.0,110.0
DLinear,linear,DLinear,,full_range,48,16,6,rated,0.19141566424911982,1.3438997256049237,1,CALCE:CX2_33,CALCE,CX2_33,10346,0,4.002598200000648,0.01068210000084946,2.763281251816352e-06,1568,-1,76.0,106.0
DLinear,linear,DLinear,,full_range,48,16,6,rated,0.19141566424911982,1.3438997256049237,2,CALCE:CX2_33,CALCE,CX2_33,10346,0,4.935969799998929,0.02394599999934144,2.7324218763169483e-06,1568,-1,98.0,128.0
DLinear,linear,DLinear,,full_range,48,16,6,rated,0.19141566424911982,1.3438997256049237,3,CALCE:CX2_33,CALCE,CX2_33,10346,0,2.6530012999992323,0.014005000000906875,2.1257812505837137e-06,1568,-1,39.0,69.0
DLinear,linear,DLinear,,full_range,48,16,6,rated,0.19141566424911982,1.3438997256049237,4,CALCE:CX2_33,CALCE,CX2_33,10346,0,2.1542908000010357,0.00963659999979427,3.1632812493853635e-06,1568,-1,29.0,59.0
NLinear,linear,NLinear,,full_range,48,16,6,rated,0.19141566424911982,1.3438997256049237,0,CALCE:CX2_33,CALCE,CX2_33,10346,0,1.4960052999995241,0.0034759999998641433,9.92968750779255e-07,784,-1,53.0,83.0
NLinear,linear,NLinear,,full_range,48,16,6,rated,0.19141566424911982,1.3438997256049237,1,CALCE:CX2_33,CALCE,CX2_33,10346,0,0.9941878999998153,0.0036172000000078697,9.019531219678356e-07,784,-1,26.0,56.0
NLinear,linear,NLinear,,full_range,48,16,6,rated,0.19141566424911982,1.3438997256049237,2,CALCE:CX2_33,CALCE,CX2_33,10346,0,1.3234134000013,0.0036605999994208105,1.1035156219918463e-06,784,-1,42.0,72.0
NLinear,linear,NLinear,,full_range,48,16,6,rated,0.19141566424911982,1.3438997256049237,3,CALCE:CX2_33,CALCE,CX2_33,10346,0,1.1338446000008844,0.003844700000627199,1.1515625004676622e-06,784,-1,34.0,64.0
NLinear,linear,NLinear,,full_range,48,16,6,rated,0.19141566424911982,1.3438997256049237,4,CALCE:CX2_33,CALCE,CX2_33,10346,0,1.3594467000002624,0.0037222999999357853,1.1449218746406586e-06,784,-1,37.0,67.0
Linear,linear,Linear,,full_range,48,16,6,rated,0.19141566424911982,1.3438997256049237,0,CALCE:CX2_33,CALCE,CX2_33,10346,0,2.0843883999987156,0.005206199999520322,1.1988281229946551e-06,784,-1,80.0,110.0
Linear,linear,Linear,,full_range,48,16,6,rated,0.19141566424911982,1.3438997256049237,1,CALCE:CX2_33,CALCE,CX2_33,10346,0,3.0366834999986168,0.0037402000016300008,9.042968756034497e-07,784,-1,134.0,164.0
Linear,linear,Linear,,full_range,48,16,6,rated,0.19141566424911982,1.3438997256049237,2,CALCE:CX2_33,CALCE,CX2_33,10346,0,1.5058374000000185,0.0039741000000503846,9.007812522554559e-07,784,-1,52.0,82.0
Linear,linear,Linear,,full_range,48,16,6,rated,0.19141566424911982,1.3438997256049237,3,CALCE:CX2_33,CALCE,CX2_33,10346,0,3.0828627000009874,0.004854299999351497,1.003906248797648e-06,784,-1,141.0,171.0
Linear,linear,Linear,,full_range,48,16,6,rated,0.19141566424911982,1.3438997256049237,4,CALCE:CX2_33,CALCE,CX2_33,10346,0,2.5507039000003715,0.005146600000443868,9.437499954856321e-07,784,-1,109.0,139.0
Persistence,baseline,Persistence,,full_range,48,16,6,rated,0.19141566424911982,1.3438997256049237,0,CALCE:CX2_33,CALCE,CX2_33,10346,0,0.0,0.0022967000004427973,1.2265624604879122e-07,0,-1,,
LinearTrend,baseline,LinearTrend,,full_range,48,16,6,rated,0.19141566424911982,1.3438997256049237,0,CALCE:CX2_33,CALCE,CX2_33,10346,0,0.0,0.0018915000000561122,5.14062499235024e-07,0,-1,,
DLinear,linear,DLinear,,full_range,48,16,6,rated,0.19141566424911982,1.3438997256049237,0,CALCE:CX2_34,CALCE,CX2_34,10307,0,3.81165399999918,0.021930599999905098,3.4402343800365998e-06,1568,-1,56.0,86.0
DLinear,linear,DLinear,,full_range,48,16,6,rated,0.19141566424911982,1.3438997256049237,1,CALCE:CX2_34,CALCE,CX2_34,10307,0,3.1173654999984137,0.013236799999504001,2.799999997193936e-06,1568,-1,29.0,59.0
DLinear,linear,DLinear,,full_range,48,16,6,rated,0.19141566424911982,1.3438997256049237,2,CALCE:CX2_34,CALCE,CX2_34,10307,0,3.309624600000461,0.014518399999360554,2.7898437480189386e-06,1568,-1,40.0,70.0
DLinear,linear,DLinear,,full_range,48,16,6,rated,0.19141566424911982,1.3438997256049237,3,CALCE:CX2_34,CALCE,CX2_34,10307,0,4.296403000000282,0.02226380000138306,3.7027343751105946e-06,1568,-1,65.0,95.0
DLinear,linear,DLinear,,full_range,48,16,6,rated,0.19141566424911982,1.3438997256049237,4,CALCE:CX2_34,CALCE,CX2_34,10307,0,3.637390799998684,0.019763800000873744,2.9464843791515705e-06,1568,-1,51.0,81.0
NLinear,linear,NLinear,,full_range,48,16,6,rated,0.19141566424911982,1.3438997256049237,0,CALCE:CX2_34,CALCE,CX2_34,10307,0,1.4591725999998744,0.004980800000339514,1.2574218786198799e-06,784,-1,33.0,63.0
NLinear,linear,NLinear,,full_range,48,16,6,rated,0.19141566424911982,1.3438997256049237,1,CALCE:CX2_34,CALCE,CX2_34,10307,0,2.066741800001182,0.005985400001009111,1.8351562545149136e-06,784,-1,46.0,76.0
NLinear,linear,NLinear,,full_range,48,16,6,rated,0.19141566424911982,1.3438997256049237,2,CALCE:CX2_34,CALCE,CX2_34,10307,0,1.9897012999990693,0.005766199999925448,1.541015620887265e-06,784,-1,51.0,81.0
NLinear,linear,NLinear,,full_range,48,16,6,rated,0.19141566424911982,1.3438997256049237,3,CALCE:CX2_34,CALCE,CX2_34,10307,0,1.4655444999989413,0.00547050000022864,1.8558593737338924e-06,784,-1,30.0,60.0
NLinear,linear,NLinear,,full_range,48,16,6,rated,0.19141566424911982,1.3438997256049237,4,CALCE:CX2_34,CALCE,CX2_34,10307,0,2.5013390999993135,0.00560829999994894,2.2656249996089173e-06,784,-1,68.0,98.0
Linear,linear,Linear,,full_range,48,16,6,rated,0.19141566424911982,1.3438997256049237,0,CALCE:CX2_34,CALCE,CX2_34,10307,0,3.585342300000775,0.006143700000393437,1.6578124970578756e-06,784,-1,126.0,156.0
Linear,linear,Linear,,full_range,48,16,6,rated,0.19141566424911982,1.3438997256049237,1,CALCE:CX2_34,CALCE,CX2_34,10307,0,3.4933641999996325,0.007585200000903569,1.3347656278028808e-06,784,-1,119.0,149.0
Linear,linear,Linear,,full_range,48,16,6,rated,0.19141566424911982,1.3438997256049237,2,CALCE:CX2_34,CALCE,CX2_34,10307,0,3.505328699999154,0.006789900000512716,1.3988281253318746e-06,784,-1,112.0,142.0
Linear,linear,Linear,,full_range,48,16,6,rated,0.19141566424911982,1.3438997256049237,3,CALCE:CX2_34,CALCE,CX2_34,10307,0,2.874173599999267,0.005019599999286584,1.0386718685140295e-06,784,-1,117.0,147.0
Linear,linear,Linear,,full_range,48,16,6,rated,0.19141566424911982,1.3438997256049237,4,CALCE:CX2_34,CALCE,CX2_34,10307,0,3.351552399999491,0.006526799999846844,8.750000048962647e-07,784,-1,150.0,180.0
Persistence,baseline,Persistence,,full_range,48,16,6,rated,0.19141566424911982,1.3438997256049237,0,CALCE:CX2_34,CALCE,CX2_34,10307,0,0.0,0.0022862000005261507,1.4140624671199475e-07,0,-1,,
LinearTrend,baseline,LinearTrend,,full_range,48,16,6,rated,0.19141566424911982,1.3438997256049237,0,CALCE:CX2_34,CALCE,CX2_34,10307,0,0.0,0.005187099999602651,4.152343748842213e-07,0,-1,,
DLinear,linear,DLinear,,full_range,48,16,6,rated,0.19141566424911982,1.3386408296274017,0,CALCE:CX2_35,CALCE,CX2_35,10230,0,1.7440504999995028,0.008221099998991122,2.306250003414334e-06,1568,-1,18.0,48.0
DLinear,linear,DLinear,,full_range,48,16,6,rated,0.19141566424911982,1.3386408296274017,1,CALCE:CX2_35,CALCE,CX2_35,10230,0,1.7728016000000935,0.008201799999369541,2.3078125011011252e-06,1568,-1,19.0,49.0
DLinear,linear,DLinear,,full_range,48,16,6,rated,0.19141566424911982,1.3386408296274017,2,CALCE:CX2_35,CALCE,CX2_35,10230,0,1.882416500000545,0.009591699999873526,2.796484373845942e-06,1568,-1,23.0,53.0
DLinear,linear,DLinear,,full_range,48,16,6,rated,0.19141566424911982,1.3386408296274017,3,CALCE:CX2_35,CALCE,CX2_35,10230,0,1.5304643999988912,0.011788499999966007,2.7714843753301466e-06,1568,-1,13.0,43.0
DLinear,linear,DLinear,,full_range,48,16,6,rated,0.19141566424911982,1.3386408296274017,4,CALCE:CX2_35,CALCE,CX2_35,10230,0,1.4866227000002254,0.009707600000183447,2.35234374912352e-06,1568,-1,11.0,41.0
NLinear,linear,NLinear,,full_range,48,16,6,rated,0.19141566424911982,1.3386408296274017,0,CALCE:CX2_35,CALCE,CX2_35,10230,0,0.8109103000006144,0.00451960000100371,6.828125052038558e-07,784,-1,14.0,44.0
NLinear,linear,NLinear,,full_range,48,16,6,rated,0.19141566424911982,1.3386408296274017,1,CALCE:CX2_35,CALCE,CX2_35,10230,0,1.0944729000002553,0.004637500000171713,1.029296875287855e-06,784,-1,29.0,59.0
NLinear,linear,NLinear,,full_range,48,16,6,rated,0.19141566424911982,1.3386408296274017,2,CALCE:CX2_35,CALCE,CX2_35,10230,0,1.3425272000004043,0.0041829000001598615,1.1316406229866516e-06,784,-1,44.0,74.0
NLinear,linear,NLinear,,full_range,48,16,6,rated,0.19141566424911982,1.3386408296274017,3,CALCE:CX2_35,CALCE,CX2_35,10230,0,1.0327084000000468,0.0042542999999568565,1.059375001943863e-06,784,-1,26.0,56.0
NLinear,linear,NLinear,,full_range,48,16,6,rated,0.19141566424911982,1.3386408296274017,4,CALCE:CX2_35,CALCE,CX2_35,10230,0,1.2244405999990704,0.004575500001010369,1.051953127273464e-06,784,-1,36.0,66.0
Linear,linear,Linear,,full_range,48,16,6,rated,0.19141566424911982,1.3386408296274017,0,CALCE:CX2_35,CALCE,CX2_35,10230,0,1.449171899999783,0.005216700001255958,8.816406236178409e-07,784,-1,57.0,87.0
Linear,linear,Linear,,full_range,48,16,6,rated,0.19141566424911982,1.3386408296274017,1,CALCE:CX2_35,CALCE,CX2_35,10230,0,1.6772798000001785,0.004293299998607836,9.160156295706656e-07,784,-1,69.0,99.0
Linear,linear,Linear,,full_range,48,16,6,rated,0.19141566424911982,1.3386408296274017,2,CALCE:CX2_35,CALCE,CX2_35,10230,0,2.625712900000508,0.005313600000590668,8.257812496026418e-07,784,-1,123.0,153.0
Linear,linear,Linear,,full_range,48,16,6,rated,0.19141566424911982,1.3386408296274017,3,CALCE:CX2_35,CALCE,CX2_35,10230,0,2.5379027999988466,0.0051579000009951415,8.375000035698577e-07,784,-1,120.0,150.0
Linear,linear,Linear,,full_range,48,16,6,rated,0.19141566424911982,1.3386408296274017,4,CALCE:CX2_35,CALCE,CX2_35,10230,0,3.1091030000006867,0.005119299999932991,8.460937479526365e-07,784,-1,153.0,183.0
Persistence,baseline,Persistence,,full_range,48,16,6,rated,0.19141566424911982,1.3386408296274017,0,CALCE:CX2_35,CALCE,CX2_35,10230,0,0.0,0.002187000000049011,1.0937499439478415e-07,0,-1,,
LinearTrend,baseline,LinearTrend,,full_range,48,16,6,rated,0.19141566424911982,1.3386408296274017,0,CALCE:CX2_35,CALCE,CX2_35,10230,0,0.0,0.004374600001028739,4.855468773712346e-07,0,-1,,
DLinear,linear,DLinear,,full_range,48,16,6,rated,0.19141566424911982,1.3438997256049237,0,CALCE:CX2_36,CALCE,CX2_36,10073,0,5.602887099999862,0.012712899999314686,2.3640624959853085e-06,1568,-1,120.0,150.0
DLinear,linear,DLinear,,full_range,48,16,6,rated,0.19141566424911982,1.3438997256049237,1,CALCE:CX2_36,CALCE,CX2_36,10073,0,2.090762200001336,0.008856899999955203,2.5507812537739483e-06,1568,-1,28.0,58.0
DLinear,linear,DLinear,,full_range,48,16,6,rated,0.19141566424911982,1.3438997256049237,2,CALCE:CX2_36,CALCE,CX2_36,10073,0,4.5571232000002055,0.010925000000497676,2.3597656308993464e-06,1568,-1,99.0,129.0
DLinear,linear,DLinear,,full_range,48,16,6,rated,0.19141566424911982,1.3438997256049237,3,CALCE:CX2_36,CALCE,CX2_36,10073,0,2.3415762999993603,0.009797900000194204,2.2898437492813173e-06,1568,-1,36.0,66.0
DLinear,linear,DLinear,,full_range,48,16,6,rated,0.19141566424911982,1.3438997256049237,4,CALCE:CX2_36,CALCE,CX2_36,10073,0,2.4159134999990783,0.011209099999177852,2.2867187468023076e-06,1568,-1,37.0,67.0
NLinear,linear,NLinear,,full_range,48,16,6,rated,0.19141566424911982,1.3438997256049237,0,CALCE:CX2_36,CALCE,CX2_36,10073,0,0.9428385999999591,0.0035475000004225876,1.3824218783042852e-06,784,-1,21.0,51.0
NLinear,linear,NLinear,,full_range,48,16,6,rated,0.19141566424911982,1.3438997256049237,1,CALCE:CX2_36,CALCE,CX2_36,10073,0,0.8512008999987302,0.0032983000000967877,6.851562446286152e-07,784,-1,15.0,45.0
NLinear,linear,NLinear,,full_range,48,16,6,rated,0.19141566424911982,1.3438997256049237,2,CALCE:CX2_36,CALCE,CX2_36,10073,0,1.3863159000011365,0.0037744000001112,1.0257812519398612e-06,784,-1,45.0,75.0
NLinear,linear,NLinear,,full_range,48,16,6,rated,0.19141566424911982,1.3438997256049237,3,CALCE:CX2_36,CALCE,CX2_36,10073,0,1.0550039000008837,0.0036913999992975732,1.0617187555794771e-06,784,-1,26.0,56.0
NLinear,linear,NLinear,,full_range,48,16,6,rated,0.19141566424911982,1.3438997256049237,4,CALCE:CX2_36,CALCE,CX2_36,10073,0,1.2194696000005933,0.00322760000017297,1.3539062493350684e-06,784,-1,35.0,65.0
Linear,linear,Linear,,full_range,48,16,6,rated,0.19141566424911982,1.3438997256049237,0,CALCE:CX2_36,CALCE,CX2_36,10073,0,2.588908799998535,0.006468499999755295,1.0542968738036507e-06,784,-1,120.0,150.0
Linear,linear,Linear,,full_range,48,16,6,rated,0.19141566424911982,1.3438997256049237,1,CALCE:CX2_36,CALCE,CX2_36,10073,0,2.1871174999996583,0.004816099999516155,9.574218751140506e-07,784,-1,97.0,127.0
Linear,linear,Linear,,full_range,48,16,6,rated,0.19141566424911982,1.3438997256049237,2,CALCE:CX2_36,CALCE,CX2_36,10073,0,2.2125203000014153,0.004390000000057626,9.050781244468453e-07,784,-1,99.0,129.0
Linear,linear,Linear,,full_range,48,16,6,rated,0.19141566424911982,1.3438997256049237,3,CALCE:CX2_36,CALCE,CX2_36,10073,0,2.116990299999088,0.0056072999996104045,1.0851562493030542e-06,784,-1,95.0,125.0
Linear,linear,Linear,,full_range,48,16,6,rated,0.19141566424911982,1.3438997256049237,4,CALCE:CX2_36,CALCE,CX2_36,10073,0,2.119981200001348,0.004415800000060699,8.5273437377964e-07,784,-1,96.0,126.0
Persistence,baseline,Persistence,,full_range,48,16,6,rated,0.19141566424911982,1.3438997256049237,0,CALCE:CX2_36,CALCE,CX2_36,10073,0,0.0,0.0022427000003517605,1.601562473751983e-07,0,-1,,
LinearTrend,baseline,LinearTrend,,full_range,48,16,6,rated,0.19141566424911982,1.3438997256049237,0,CALCE:CX2_36,CALCE,CX2_36,10073,0,0.0,0.005471599999509635,4.6679687670803105e-07,0,-1,,
DLinear,linear,DLinear,,full_range,48,16,6,rated,0.19141566424911982,1.3438997256049237,0,CALCE:CX2_37,CALCE,CX2_37,10760,0,4.299338400000124,0.010500000000320142,2.3953124994591235e-06,1568,-1,82.0,112.0
DLinear,linear,DLinear,,full_range,48,16,6,rated,0.19141566424911982,1.3438997256049237,1,CALCE:CX2_37,CALCE,CX2_37,10760,0,2.330659299999752,0.01171270000122604,2.4554687527711394e-06,1568,-1,30.0,60.0
DLinear,linear,DLinear,,full_range,48,16,6,rated,0.19141566424911982,1.3438997256049237,2,CALCE:CX2_37,CALCE,CX2_37,10760,0,3.7196342999995977,0.011861699998917175,2.824218746866336e-06,1568,-1,60.0,90.0
DLinear,linear,DLinear,,full_range,48,16,6,rated,0.19141566424911982,1.3438997256049237,3,CALCE:CX2_37,CALCE,CX2_37,10760,0,3.340183000000252,0.016453399999591056,2.353906246810311e-06,1568,-1,45.0,75.0
DLinear,linear,DLinear,,full_range,48,16,6,rated,0.19141566424911982,1.3438997256049237,4,CALCE:CX2_37,CALCE,CX2_37,10760,0,4.053453099999388,0.009681599998657475,2.3593749958195076e-06,1568,-1,75.0,105.0
NLinear,linear,NLinear,,full_range,48,16,6,rated,0.19141566424911982,1.3438997256049237,0,CALCE:CX2_37,CALCE,CX2_37,10760,0,1.6651175000006333,0.003365799999301089,1.0019531302418727e-06,784,-1,53.0,83.0
NLinear,linear,NLinear,,full_range,48,16,6,rated,0.19141566424911982,1.3438997256049237,1,CALCE:CX2_37,CALCE,CX2_37,10760,0,1.395232599999872,0.0032885000000533182,1.0453125014464604e-06,784,-1,41.0,71.0
NLinear,linear,NLinear,,full_range,48,16,6,rated,0.19141566424911982,1.3438997256049237,2,CALCE:CX2_37,CALCE,CX2_37,10760,0,1.2813380999996298,0.003975699999500648,1.0562499994648533e-06,784,-1,36.0,66.0
NLinear,linear,NLinear,,full_range,48,16,6,rated,0.19141566424911982,1.3438997256049237,3,CALCE:CX2_37,CALCE,CX2_37,10760,0,1.5092139999997016,0.004064599999765051,1.0722656256234586e-06,784,-1,42.0,72.0
NLinear,linear,NLinear,,full_range,48,16,6,rated,0.19141566424911982,1.3438997256049237,4,CALCE:CX2_37,CALCE,CX2_37,10760,0,1.092111500000101,0.0032712000011088094,1.0214843726430445e-06,784,-1,25.0,55.0
Linear,linear,Linear,,full_range,48,16,6,rated,0.19141566424911982,1.3438997256049237,0,CALCE:CX2_37,CALCE,CX2_37,10760,0,1.9709674999994604,0.0045071000004099915,8.984374986198418e-07,784,-1,82.0,112.0
Linear,linear,Linear,,full_range,48,16,6,rated,0.19141566424911982,1.3438997256049237,1,CALCE:CX2_37,CALCE,CX2_37,10760,0,2.090635700000348,0.004305200000089826,8.628906229546374e-07,784,-1,86.0,116.0
Linear,linear,Linear,,full_range,48,16,6,rated,0.19141566424911982,1.3438997256049237,2,CALCE:CX2_37,CALCE,CX2_37,10760,0,2.0262457000008,0.0044357000006129965,8.613281252678462e-07,784,-1,83.0,113.0
Linear,linear,Linear,,full_range,48,16,6,rated,0.19141566424911982,1.3438997256049237,3,CALCE:CX2_37,CALCE,CX2_37,10760,0,2.6386013999999705,0.004724399999759044,8.625000020856533e-07,784,-1,113.0,143.0
Linear,linear,Linear,,full_range,48,16,6,rated,0.19141566424911982,1.3438997256049237,4,CALCE:CX2_37,CALCE,CX2_37,10760,0,2.480416599999444,0.00428970000029949,9.761718757772542e-07,784,-1,107.0,137.0
Persistence,baseline,Persistence,,full_range,48,16,6,rated,0.19141566424911982,1.3438997256049237,0,CALCE:CX2_37,CALCE,CX2_37,10760,0,0.0,0.0025169999989884673,1.589843776628186e-07,0,-1,,
LinearTrend,baseline,LinearTrend,,full_range,48,16,6,rated,0.19141566424911982,1.3438997256049237,0,CALCE:CX2_37,CALCE,CX2_37,10760,0,0.0,0.005295199998727185,5.253906252278284e-07,0,-1,,
DLinear,linear,DLinear,,full_range,48,16,6,rated,0.5414213211554184,1.3438997256049237,0,CALCE:CX2_38,CALCE,CX2_38,10083,0,4.8142229999994015,0.015681799999583745,2.280078120975304e-06,1568,-1,101.0,131.0
DLinear,linear,DLinear,,full_range,48,16,6,rated,0.5414213211554184,1.3438997256049237,1,CALCE:CX2_38,CALCE,CX2_38,10083,0,2.7799176999997144,0.009451899999476154,2.297656251926128e-06,1568,-1,47.0,77.0
DLinear,linear,DLinear,,full_range,48,16,6,rated,0.5414213211554184,1.3438997256049237,2,CALCE:CX2_38,CALCE,CX2_38,10083,0,4.151527900001383,0.010989899999913177,2.2539062527471287e-06,1568,-1,84.0,114.0
DLinear,linear,DLinear,,full_range,48,16,6,rated,0.5414213211554184,1.3438997256049237,3,CALCE:CX2_38,CALCE,CX2_38,10083,0,2.0039754999997967,0.00865939999857801,2.260546871468705e-06,1568,-1,26.0,56.0
DLinear,linear,DLinear,,full_range,48,16,6,rated,0.5414213211554184,1.3438997256049237,4,CALCE:CX2_38,CALCE,CX2_38,10083,0,2.4057652999999846,0.009197199999107397,2.47539063025215e-06,1568,-1,39.0,69.0
NLinear,linear,NLinear,,full_range,48,16,6,rated,0.5414213211554184,1.3438997256049237,0,CALCE:CX2_38,CALCE,CX2_38,10083,0,1.0767806000003475,0.0034768999994412297,1.0234374983042471e-06,784,-1,31.0,61.0
NLinear,linear,NLinear,,full_range,48,16,6,rated,0.5414213211554184,1.3438997256049237,1,CALCE:CX2_38,CALCE,CX2_38,10083,0,0.8547725000007631,0.0036676999989140313,6.664062510708391e-07,784,-1,17.0,47.0
NLinear,linear,NLinear,,full_range,48,16,6,rated,0.5414213211554184,1.3438997256049237,2,CALCE:CX2_38,CALCE,CX2_38,10083,0,0.8115454000017053,0.0037290000000211876,1.0707031279366674e-06,784,-1,15.0,45.0
NLinear,linear,NLinear,,full_range,48,16,6,rated,0.5414213211554184,1.3438997256049237,3,CALCE:CX2_38,CALCE,CX2_38,10083,0,0.7924874000000273,0.003937299999961397,6.664062439654117e-07,784,-1,13.0,43.0
NLinear,linear,NLinear,,full_range,48,16,6,rated,0.5414213211554184,1.3438997256049237,4,CALCE:CX2_38,CALCE,CX2_38,10083,0,0.7987998999997217,0.003693099999509286,1.1312500021176675e-06,784,-1,14.0,44.0
Linear,linear,Linear,,full_range,48,16,6,rated,0.5414213211554184,1.3438997256049237,0,CALCE:CX2_38,CALCE,CX2_38,10083,0,2.148842799999329,0.004779699998834985,8.929687567160727e-07,784,-1,101.0,131.0
Linear,linear,Linear,,full_range,48,16,6,rated,0.5414213211554184,1.3438997256049237,1,CALCE:CX2_38,CALCE,CX2_38,10083,0,2.5599468000000343,0.0032565999990765704,9.304687509370524e-07,784,-1,124.0,154.0
Linear,linear,Linear,,full_range,48,16,6,rated,0.5414213211554184,1.3438997256049237,2,CALCE:CX2_38,CALCE,CX2_38,10083,0,2.551168999998481,0.004354599999714992,8.75781246634233e-07,784,-1,123.0,153.0
Linear,linear,Linear,,full_range,48,16,6,rated,0.5414213211554184,1.3438997256049237,3,CALCE:CX2_38,CALCE,CX2_38,10083,0,1.8658302999992884,0.004182399999990594,8.738281209730303e-07,784,-1,79.0,109.0
Linear,linear,Linear,,full_range,48,16,6,rated,0.5414213211554184,1.3438997256049237,4,CALCE:CX2_38,CALCE,CX2_38,10083,0,1.909969499998624,0.005064200000560959,1.0902343774432666e-06,784,-1,82.0,112.0
Persistence,baseline,Persistence,,full_range,48,16,6,rated,0.5414213211554184,1.3438997256049237,0,CALCE:CX2_38,CALCE,CX2_38,10083,0,0.0,0.0023681000002397923,1.4882812848782123e-07,0,-1,,
LinearTrend,baseline,LinearTrend,,full_range,48,16,6,rated,0.5414213211554184,1.3438997256049237,0,CALCE:CX2_38,CALCE,CX2_38,10083,0,0.0,0.0051158999995095655,4.7578124906522135e-07,0,-1,,
DLinear,linear,DLinear,,full_range,16,8,3,rated,1.15381833159625,1.979626548250818,0,NASA:B0005,NASA,B0005,399,0,0.6025764999994863,0.0015714999990450451,1.2562500018020728e-06,272,-1,288.0,300.0
DLinear,linear,DLinear,,full_range,16,8,3,rated,1.15381833159625,1.979626548250818,1,NASA:B0005,NASA,B0005,399,0,0.42638369999986026,0.0019673000006150687,1.4781250001760782e-06,272,-1,185.0,215.0
DLinear,linear,DLinear,,full_range,16,8,3,rated,1.15381833159625,1.979626548250818,2,NASA:B0005,NASA,B0005,399,0,0.515674800000852,0.0018727000006037997,1.2070312465084498e-06,272,-1,220.0,250.0
DLinear,linear,DLinear,,full_range,16,8,3,rated,1.15381833159625,1.979626548250818,3,NASA:B0005,NASA,B0005,399,0,0.5176408999996056,0.0019325000012031524,1.3914062506614755e-06,272,-1,232.0,262.0
DLinear,linear,DLinear,,full_range,16,8,3,rated,1.15381833159625,1.979626548250818,4,NASA:B0005,NASA,B0005,399,0,0.462231100000281,0.001700400000117952,1.4082031256634764e-06,272,-1,190.0,220.0
NLinear,linear,NLinear,,full_range,16,8,3,rated,1.15381833159625,1.979626548250818,0,NASA:B0005,NASA,B0005,399,0,0.1503910999999789,0.0010105000001203734,5.621093777108399e-07,136,-1,85.0,115.0
NLinear,linear,NLinear,,full_range,16,8,3,rated,1.15381833159625,1.979626548250818,1,NASA:B0005,NASA,B0005,399,0,0.14494029999877966,0.0011081000011472497,5.675781267200364e-07,136,-1,81.0,111.0
NLinear,linear,NLinear,,full_range,16,8,3,rated,1.15381833159625,1.979626548250818,2,NASA:B0005,NASA,B0005,399,0,0.10473659999843221,0.0011786000013671583,5.648437522154381e-07,136,-1,50.0,80.0
NLinear,linear,NLinear,,full_range,16,8,3,rated,1.15381833159625,1.979626548250818,3,NASA:B0005,NASA,B0005,399,0,0.14628869999978633,0.000979399999778252,8.023437558790647e-07,136,-1,86.0,116.0
NLinear,linear,NLinear,,full_range,16,8,3,rated,1.15381833159625,1.979626548250818,4,NASA:B0005,NASA,B0005,399,0,0.11777749999964726,0.0010593000006338116,5.230468786976417e-07,136,-1,64.0,94.0
Linear,linear,Linear,,full_range,16,8,3,rated,1.15381833159625,1.979626548250818,0,NASA:B0005,NASA,B0005,399,0,0.36887560000104713,0.0007084999997459818,4.136718700920028e-07,136,-1,276.0,300.0
Linear,linear,Linear,,full_range,16,8,3,rated,1.15381833159625,1.979626548250818,1,NASA:B0005,NASA,B0005,399,0,0.3081574999996519,0.000713999999788939,4.203125030244337e-07,136,-1,238.0,268.0
Linear,linear,Linear,,full_range,16,8,3,rated,1.15381833159625,1.979626548250818,2,NASA:B0005,NASA,B0005,399,0,0.29325080000126036,0.0008189999989554053,6.359374964404196e-07,136,-1,221.0,251.0
Linear,linear,Linear,,full_range,16,8,3,rated,1.15381833159625,1.979626548250818,3,NASA:B0005,NASA,B0005,399,0,0.3480399000000034,0.0006811000002926448,4.36328129183039e-07,136,-1,299.0,300.0
Linear,linear,Linear,,full_range,16,8,3,rated,1.15381833159625,1.979626548250818,4,NASA:B0005,NASA,B0005,399,0,0.34038870000040333,0.0007084000008035218,4.0624999542160367e-07,136,-1,299.0,300.0
Persistence,baseline,Persistence,,full_range,16,8,3,rated,1.15381833159625,1.979626548250818,0,NASA:B0005,NASA,B0005,399,0,0.0,0.00042979999852832407,6.406249752899384e-08,0,-1,,
LinearTrend,baseline,LinearTrend,,full_range,16,8,3,rated,1.15381833159625,1.979626548250818,0,NASA:B0005,NASA,B0005,399,0,0.0,0.0007824000003893161,3.621093753736204e-07,0,-1,,
DLinear,linear,DLinear,,full_range,16,8,3,rated,1.2874525221379407,1.8834677437950846,0,NASA:B0006,NASA,B0006,399,0,0.34483430000000226,0.003290799999376759,1.650781250361888e-06,272,-1,132.0,162.0
DLinear,linear,DLinear,,full_range,16,8,3,rated,1.2874525221379407,1.8834677437950846,1,NASA:B0006,NASA,B0006,399,0,0.1465520000001561,0.003063300000576419,1.3085937524692781e-06,272,-1,36.0,66.0
DLinear,linear,DLinear,,full_range,16,8,3,rated,1.2874525221379407,1.8834677437950846,2,NASA:B0006,NASA,B0006,399,0,0.5280081000000791,0.0032833000004757196,1.2390624988256604e-06,272,-1,217.0,247.0
DLinear,linear,DLinear,,full_range,16,8,3,rated,1.2874525221379407,1.8834677437950846,3,NASA:B0006,NASA,B0006,399,0,0.10593150000022433,0.0035081000005448004,1.210546876961871e-06,272,-1,20.0,50.0
DLinear,linear,DLinear,,full_range,16,8,3,rated,1.2874525221379407,1.8834677437950846,4,NASA:B0006,NASA,B0006,399,0,0.12206879999939702,0.003119300001344527,1.196093748490057e-06,272,-1,28.0,58.0
NLinear,linear,NLinear,,full_range,16,8,3,rated,1.2874525221379407,1.8834677437950846,0,NASA:B0006,NASA,B0006,399,0,0.1960798000000068,0.0015856999998504762,6.898437447944161e-07,136,-1,131.0,161.0
NLinear,linear,NLinear,,full_range,16,8,3,rated,1.2874525221379407,1.8834677437950846,1,NASA:B0006,NASA,B0006,399,0,0.14423659999920346,0.0015179000001808163,5.402343745686267e-07,136,-1,84.0,114.0
NLinear,linear,NLinear,,full_range,16,8,3,rated,1.2874525221379407,1.8834677437950846,2,NASA:B0006,NASA,B0006,399,0,0.10185219999948458,0.0015948999989632284,5.351562464284143e-07,136,-1,51.0,81.0
NLinear,linear,NLinear,,full_range,16,8,3,rated,1.2874525221379407,1.8834677437950846,3,NASA:B0006,NASA,B0006,399,0,0.15067759999874397,0.0016380000015487894,5.445312467600161e-07,136,-1,86.0,116.0
NLinear,linear,NLinear,,full_range,16,8,3,rated,1.2874525221379407,1.8834677437950846,4,NASA:B0006,NASA,B0006,399,0,0.2408367999996699,0.0016204000003199326,5.378906280384399e-07,136,-1,156.0,186.0
Linear,linear,Linear,,full_range,16,8,3,rated,1.2874525221379407,1.8834677437950846,0,NASA:B0006,NASA,B0006,399,0,0.0788234999999986,0.0015289000002667308,4.367187500520231e-07,136,-1,36.0,66.0
Linear,linear,Linear,,full_range,16,8,3,rated,1.2874525221379407,1.8834677437950846,1,NASA:B0006,NASA,B0006,399,0,0.08358279999993101,0.0018454000000929227,4.324218778606337e-07,136,-1,40.0,70.0
Linear,linear,Linear,,full_range,16,8,3,rated,1.2874525221379407,1.8834677437950846,2,NASA:B0006,NASA,B0006,399,0,0.08055400000012014,0.0013591000006272225,5.011718755554284e-07,136,-1,39.0,69.0
Linear,linear,Linear,,full_range,16,8,3,rated,1.2874525221379407,1.8834677437950846,3,NASA:B0006,NASA,B0006,399,0,0.07497169999987818,0.0012798000007023802,4.0976562587502485e-07,136,-1,34.0,64.0
Linear,linear,Linear,,full_range,16,8,3,rated,1.2874525221379407,1.8834677437950846,4,NASA:B0006,NASA,B0006,399,0,0.07402519999959623,0.0016627999993943376,5.996093719318196e-07,136,-1,32.0,62.0
Persistence,baseline,Persistence,,full_range,16,8,3,rated,1.2874525221379407,1.8834677437950846,0,NASA:B0006,NASA,B0006,399,0,0.0,0.0004360000002634479,9.062500083700797e-08,0,-1,,
LinearTrend,baseline,LinearTrend,,full_range,16,8,3,rated,1.2874525221379407,1.8834677437950846,0,NASA:B0006,NASA,B0006,399,0,0.0,0.0012037000014970545,3.4687500516383807e-07,0,-1,,
DLinear,linear,DLinear,,full_range,16,8,3,rated,1.15381833159625,1.979626548250818,0,NASA:B0007,NASA,B0007,399,0,0.6579670999999507,0.0019738999999390217,1.3007812498244675e-06,272,-1,300.0,300.0
DLinear,linear,DLinear,,full_range,16,8,3,rated,1.15381833159625,1.979626548250818,1,NASA:B0007,NASA,B0007,399,0,0.441526900000099,0.0023404999992635567,1.5347656301401003e-06,272,-1,173.0,203.0
DLinear,linear,DLinear,,full_range,16,8,3,rated,1.15381833159625,1.979626548250818,2,NASA:B0007,NASA,B0007,399,0,0.5431559999997262,0.002169000001231325,1.2718749999862666e-06,272,-1,220.0,250.0
DLinear,linear,DLinear,,full_range,16,8,3,rated,1.15381833159625,1.979626548250818,3,NASA:B0007,NASA,B0007,399,0,0.4467015000009269,0.002188300000852905,1.5257812506774826e-06,272,-1,185.0,215.0
DLinear,linear,DLinear,,full_range,16,8,3,rated,1.15381833159625,1.979626548250818,4,NASA:B0007,NASA,B0007,399,0,0.626221100001203,0.0021457000002556015,1.2480468711828507e-06,272,-1,280.0,300.0
NLinear,linear,NLinear,,full_range,16,8,3,rated,1.15381833159625,1.979626548250818,0,NASA:B0007,NASA,B0007,399,0,0.11845970000103989,0.0012435999997251201,5.285156206014108e-07,136,-1,64.0,94.0
NLinear,linear,NLinear,,full_range,16,8,3,rated,1.15381833159625,1.979626548250818,1,NASA:B0007,NASA,B0007,399,0,0.11545660000047064,0.001316699999733828,5.273437508890311e-07,136,-1,62.0,92.0
NLinear,linear,NLinear,,full_range,16,8,3,rated,1.15381833159625,1.979626548250818,2,NASA:B0007,NASA,B0007,399,0,0.10345280000001367,0.0013448000008793315,7.078125037196514e-07,136,-1,51.0,81.0
NLinear,linear,NLinear,,full_range,16,8,3,rated,1.15381833159625,1.979626548250818,3,NASA:B0007,NASA,B0007,399,0,0.12379340000006778,0.0011462000002211425,5.199218691132046e-07,136,-1,69.0,99.0
NLinear,linear,NLinear,,full_range,16,8,3,rated,1.15381833159625,1.979626548250818,4,NASA:B0007,NASA,B0007,399,0,0.10876160000043456,0.0012268999998923391,5.425781282042408e-07,136,-1,57.0,87.0
Linear,linear,Linear,,full_range,16,8,3,rated,1.15381833159625,1.979626548250818,0,NASA:B0007,NASA,B0007,399,0,0.32684799999879033,0.0007954000011523021,4.230468775290319e-07,136,-1,260.0,290.0
Linear,linear,Linear,,full_range,16,8,3,rated,1.15381833159625,1.979626548250818,1,NASA:B0007,NASA,B0007,399,0,0.33524059999945166,0.0007679999998799758,3.996093767000275e-07,136,-1,290.0,300.0
Linear,linear,Linear,,full_range,16,8,3,rated,1.15381833159625,1.979626548250818,2,NASA:B0007,NASA,B0007,399,0,0.104752199998984,0.0008950000010372605,5.449218747344275e-07,136,-1,64.0,94.0
Linear,linear,Linear,,full_range,16,8,3,rated,1.15381833159625,1.979626548250818,3,NASA:B0007,NASA,B0007,399,0,0.33222050000040326,0.0007925999998406041,3.9765625103882485e-07,136,-1,299.0,300.0
Linear,linear,Linear,,full_range,16,8,3,rated,1.15381833159625,1.979626548250818,4,NASA:B0007,NASA,B0007,399,0,0.34552419999999984,0.0008964000007836148,4.078125002138222e-07,136,-1,299.0,300.0
Persistence,baseline,Persistence,,full_range,16,8,3,rated,1.15381833159625,1.979626548250818,0,NASA:B0007,NASA,B0007,399,0,0.0,0.0003202999996574363,6.562500232121238e-08,0,-1,,
LinearTrend,baseline,LinearTrend,,full_range,16,8,3,rated,1.15381833159625,1.979626548250818,0,NASA:B0007,NASA,B0007,399,0,0.0,0.0009159000001091044,3.441406235538125e-07,0,-1,,
DLinear,linear,DLinear,,full_range,16,8,3,rated,1.15381833159625,1.979626548250818,0,NASA:B0018,NASA,B0018,435,0,0.6526030000004539,0.0011408000009396346,1.7023437521856977e-06,272,-1,298.0,300.0
DLinear,linear,DLinear,,full_range,16,8,3,rated,1.15381833159625,1.979626548250818,1,NASA:B0018,NASA,B0018,435,0,0.6290586000013718,0.0011488000000099419,1.3207031202000508e-06,272,-1,286.0,300.0
DLinear,linear,DLinear,,full_range,16,8,3,rated,1.15381833159625,1.979626548250818,2,NASA:B0018,NASA,B0018,435,0,0.37843030000112776,0.0011402000000089174,1.4781250001760782e-06,272,-1,156.0,186.0
DLinear,linear,DLinear,,full_range,16,8,3,rated,1.15381833159625,1.979626548250818,3,NASA:B0018,NASA,B0018,435,0,0.4977491999998165,0.0012194999999337597,1.2617187508112693e-06,272,-1,198.0,228.0
DLinear,linear,DLinear,,full_range,16,8,3,rated,1.15381833159625,1.979626548250818,4,NASA:B0018,NASA,B0018,435,0,0.6367575999993278,0.00109369999881892,1.434375000997079e-06,272,-1,295.0,300.0
NLinear,linear,NLinear,,full_range,16,8,3,rated,1.15381833159625,1.979626548250818,0,NASA:B0018,NASA,B0018,435,0,0.11445020000064687,0.0005239000001893146,4.964843753896275e-07,136,-1,64.0,94.0
NLinear,linear,NLinear,,full_range,16,8,3,rated,1.15381833159625,1.979626548250818,1,NASA:B0018,NASA,B0018,435,0,0.13282739999885962,0.0005665999997290783,5.238281204356099e-07,136,-1,79.0,109.0
NLinear,linear,NLinear,,full_range,16,8,3,rated,1.15381833159625,1.979626548250818,2,NASA:B0018,NASA,B0018,435,0,0.10130149999895366,0.0005832000006193994,5.87500004201047e-07,136,-1,53.0,83.0
NLinear,linear,NLinear,,full_range,16,8,3,rated,1.15381833159625,1.979626548250818,3,NASA:B0018,NASA,B0018,435,0,0.09153609999884793,0.0005350000010366784,5.039062500600267e-07,136,-1,45.0,75.0
NLinear,linear,NLinear,,full_range,16,8,3,rated,1.15381833159625,1.979626548250818,4,NASA:B0018,NASA,B0018,435,0,0.28916129999925033,0.0005644999982905574,6.691406255754373e-07,136,-1,212.0,242.0
Linear,linear,Linear,,full_range,16,8,3,rated,1.15381833159625,1.979626548250818,0,NASA:B0018,NASA,B0018,435,0,0.3315552999993088,0.0004859000000578817,3.9843749988222044e-07,136,-1,285.0,300.0
Linear,linear,Linear,,full_range,16,8,3,rated,1.15381833159625,1.979626548250818,1,NASA:B0018,NASA,B0018,435,0,0.34797209999851475,0.0004773999989993172,4.1289062835403456e-07,136,-1,287.0,300.0
Linear,linear,Linear,,full_range,16,8,3,rated,1.15381833159625,1.979626548250818,2,NASA:B0018,NASA,B0018,435,0,0.34865199999876495,0.000493800000185729,5.574218704396117e-07,136,-1,292.0,300.0
Linear,linear,Linear,,full_range,16,8,3,rated,1.15381833159625,1.979626548250818,3,NASA:B0018,NASA,B0018,435,0,0.344679100000576,0.0005501000014191959,4.316406290172381e-07,136,-1,300.0,300.0
Linear,linear,Linear,,full_range,16,8,3,rated,1.15381833159625,1.979626548250818,4,NASA:B0018,NASA,B0018,435,0,0.35375759999988077,0.0004731999997602543,3.9531249740321073e-07,136,-1,300.0,300.0
Persistence,baseline,Persistence,,full_range,16,8,3,rated,1.15381833159625,1.979626548250818,0,NASA:B0018,NASA,B0018,435,0,0.0,0.00034589999995660037,6.132812302439561e-08,0,-1,,
LinearTrend,baseline,LinearTrend,,full_range,16,8,3,rated,1.15381833159625,1.979626548250818,0,NASA:B0018,NASA,B0018,435,0,0.0,0.0002652000002854038,2.996093684259904e-07,0,-1,,
